as_of,date,kpi_id,forecast,model,actual,abs_error,sq_error
2024-01-01,2024-02-01,KPI_E2E,2.2556962649709815,ridge_lag,2.270926317870616,0.015230052899634305,0.0002319545113256593
2024-01-01,2024-03-01,KPI_E2E,2.270729567916398,ridge_lag,2.2925445469592054,0.02181497904280727,0.0004758933106381204
2024-01-01,2024-04-01,KPI_E2E,2.270601624865433,ridge_lag,2.283326850069101,0.012725225203668256,0.0001619313564840738
2024-01-01,2024-05-01,KPI_E2E,2.264286540316258,ridge_lag,2.238251225707651,0.02603531460860742,0.0006778376067691668
2024-01-01,2024-06-01,KPI_E2E,2.247133609001563,ridge_lag,2.1860981001232647,0.06103550887829812,0.0037253333440328083
2024-01-01,2024-07-01,KPI_E2E,2.2346129501506535,ridge_lag,2.1304713099531414,0.10414164019751215,0.01084548122302808
2024-01-01,2024-02-01,KPI_INC,29.328382217681252,ridge_lag,28.95483938684976,0.373542830831493,0.1395342464656054
2024-01-01,2024-03-01,KPI_INC,30.131677214249677,ridge_lag,29.76140951171035,0.3702677025393264,0.1370981715437511
2024-01-01,2024-04-01,KPI_INC,31.462595793474755,ridge_lag,31.17279422901905,0.28980156445570415,0.08398494676097365
2024-01-01,2024-05-01,KPI_INC,32.94654066596932,ridge_lag,32.80321198789886,0.14332867807046057,0.020543109957425726
2024-01-01,2024-06-01,KPI_INC,34.26659253934639,ridge_lag,33.51639774496462,0.7501947943817697,0.5627922295175057
2024-01-01,2024-07-01,KPI_INC,35.29474765854417,ridge_lag,33.29183412075665,2.0029135377875207,4.011662639852522
2024-01-01,2024-02-01,KPI_STP,85.3339700668942,ridge_lag,84.99126152641591,0.34270854047828436,0.11744914371675587
2024-01-01,2024-03-01,KPI_STP,85.58766303304623,ridge_lag,85.0901680145875,0.49749501845872146,0.2475012933912436
2024-01-01,2024-04-01,KPI_STP,85.64188509210537,ridge_lag,85.6339145840107,0.007970508094672368,6.352899928723775e-05
2024-01-01,2024-05-01,KPI_STP,85.458676175729,ridge_lag,85.9127983388099,0.45412216308091047,0.20622693900128505
2024-01-01,2024-06-01,KPI_STP,85.10933285080534,ridge_lag,86.06852801743263,0.959195166627282,0.9200553676811393
2024-01-01,2024-07-01,KPI_STP,84.8135870665846,ridge_lag,84.06852801743263,0.7450590491519762,0.5551129867232468
2024-02-01,2024-03-01,KPI_E2E,2.2778945634771195,ridge_lag,2.2925445469592054,0.014649983482085904,0.00021462201602538984
2024-02-01,2024-04-01,KPI_E2E,2.277923618460216,ridge_lag,2.283326850069101,0.005403231608885228,2.9194911819256454e-05
2024-02-01,2024-05-01,KPI_E2E,2.2715396512463917,ridge_lag,2.238251225707651,0.033288425538740896,0.0011081192748482972
2024-02-01,2024-06-01,KPI_E2E,2.2519324228875943,ridge_lag,2.1860981001232647,0.06583432276432966,0.0043341580538379335
2024-02-01,2024-07-01,KPI_E2E,2.238306972651526,ridge_lag,2.1304713099531414,0.10783566269838474,0.011628530149599806
2024-02-01,2024-08-01,KPI_E2E,2.235832488686529,ridge_lag,2.079143331509063,0.1566891571774658,0.024551491976984578
2024-02-01,2024-03-01,KPI_INC,29.52554760851848,ridge_lag,29.76140951171035,0.2358619031918714,0.055630837377291714
2024-02-01,2024-04-01,KPI_INC,30.79524131289815,ridge_lag,31.17279422901905,0.37755291612090147,0.14254620447139646
2024-02-01,2024-05-01,KPI_INC,32.325923968672925,ridge_lag,32.80321198789886,0.4772880192259379,0.22780385329661926
2024-02-01,2024-06-01,KPI_INC,33.7429434715627,ridge_lag,33.51639774496462,0.2265457265980757,0.05132296623985007
2024-02-01,2024-07-01,KPI_INC,34.881918852342594,ridge_lag,33.29183412075665,1.5900847315859465,2.5283694536227515
2024-02-01,2024-08-01,KPI_INC,35.522534520999145,ridge_lag,32.75325901765838,2.769275503340765,7.6688868134032475
2024-02-01,2024-03-01,KPI_STP,85.12458920170184,ridge_lag,85.0901680145875,0.03442118711433295,0.0011848181223599208
2024-02-01,2024-04-01,KPI_STP,85.16433531449354,ridge_lag,85.6339145840107,0.4695792695171548,0.22050469036026468
2024-02-01,2024-05-01,KPI_STP,84.96129856483607,ridge_lag,85.9127983388099,0.9514997739738362,0.9053518198722614
2024-02-01,2024-06-01,KPI_STP,84.58873917367445,ridge_lag,86.06852801743263,1.4797888437581719,2.189775022111147
2024-02-01,2024-07-01,KPI_STP,84.2736985132054,ridge_lag,84.06852801743263,0.20517049577277646,0.04209493233564689
2024-02-01,2024-08-01,KPI_STP,84.08859458859727,ridge_lag,82.06852801743263,2.020066571164648,4.0806689519368975
2024-03-01,2024-04-01,KPI_E2E,2.2872767054116876,ridge_lag,2.283326850069101,0.003949855342586517,1.560135722735925e-05
2024-03-01,2024-05-01,KPI_E2E,2.281002615250416,ridge_lag,2.238251225707651,0.04275138954276514,0.0018276813078372486
2024-03-01,2024-06-01,KPI_E2E,2.260964536907503,ridge_lag,2.1860981001232647,0.07486643678423821,0.005604983356768336
2024-03-01,2024-07-01,KPI_E2E,2.2448679572367265,ridge_lag,2.1304713099531414,0.11439664728358512,0.013086592909724982
2024-03-01,2024-08-01,KPI_E2E,2.2409185264515905,ridge_lag,2.079143331509063,0.16177519494252746,0.026171213698692762
2024-03-01,2024-09-01,KPI_E2E,2.236544403107667,ridge_lag,2.0300847575652634,0.2064596455424037,0.042625585237494976
2024-03-01,2024-04-01,KPI_INC,31.18870642484531,ridge_lag,31.17279422901905,0.015912195826260245,0.000253197976013254
2024-03-01,2024-05-01,KPI_INC,32.75984162683417,ridge_lag,32.80321198789886,0.04337036106469583,0.0018809882188820838
2024-03-01,2024-06-01,KPI_INC,34.13710195535771,ridge_lag,33.51639774496462,0.620704210393086,0.38527371679970435
2024-03-01,2024-07-01,KPI_INC,35.220494351617276,ridge_lag,33.29183412075665,1.928660230860629,3.719730286103375
2024-03-01,2024-08-01,KPI_INC,35.81958405372125,ridge_lag,32.75325901765838,3.066325036062871,9.402349226785967
2024-03-01,2024-09-01,KPI_INC,35.84052275300107,ridge_lag,31.80304177023408,4.037480982766986,16.30125268620507
2024-03-01,2024-04-01,KPI_STP,85.11798533971924,ridge_lag,85.6339145840107,0.5159292442914563,0.26618298511515315
2024-03-01,2024-05-01,KPI_STP,84.90148199054859,ridge_lag,85.9127983388099,1.0113163482613174,1.0227607562606063
2024-03-01,2024-06-01,KPI_STP,84.51300796195247,ridge_lag,86.06852801743263,1.5555200554801587,2.419642643000996
2024-03-01,2024-07-01,KPI_STP,84.17019822949051,ridge_lag,84.06852801743263,0.10167021205788274,0.010336832019894843
2024-03-01,2024-08-01,KPI_STP,83.96036130184116,ridge_lag,82.06852801743263,1.8918332844085342,3.5790331759959817
2024-03-01,2024-09-01,KPI_STP,83.95414574636938,ridge_lag,80.06852801743263,3.885617728936751,15.098025135427593
2024-04-01,2024-05-01,KPI_E2E,2.286563185148727,ridge_lag,2.238251225707651,0.04831195944107636,0.002334045425036207
2024-04-01,2024-06-01,KPI_E2E,2.2658938962371633,ridge_lag,2.1860981001232647,0.07979579611389864,0.006367369077450882
2024-04-01,2024-07-01,KPI_E2E,2.249104710076685,ridge_lag,2.1304713099531414,0.11863340012354362,0.0140738836248728
2024-04-01,2024-08-01,KPI_E2E,2.2446944979962766,ridge_lag,2.079143331509063,0.16555116648721357,0.027407188725277108
2024-04-01,2024-09-01,KPI_E2E,2.239159200540597,ridge_lag,2.0300847575652634,0.2090744429753335,0.043712122705445985
2024-04-01,2024-10-01,KPI_E2E,2.228222815890285,ridge_lag,2.0166464322022857,0.21157638368799914,0.04476456613449143
2024-04-01,2024-05-01,KPI_INC,32.7155488157969,ridge_lag,32.80321198789886,0.08766317210196206,0.007684831742978219
2024-04-01,2024-06-01,KPI_INC,34.07229536414215,ridge_lag,33.51639774496462,0.5558976191775287,0.30902216300724467
2024-04-01,2024-07-01,KPI_INC,35.139134717831496,ridge_lag,33.29183412075665,1.8473005970748488,3.412519495953093
2024-04-01,2024-08-01,KPI_INC,35.724924816914836,ridge_lag,32.75325901765838,2.9716657992564564,8.830797622470513
2024-04-01,2024-09-01,KPI_INC,35.733701115926806,ridge_lag,31.80304177023408,3.9306593456927246,15.450082891881557
2024-04-01,2024-10-01,KPI_INC,35.10110927100745,ridge_lag,30.966440176649066,4.134669094358387,17.0954885198424
2024-04-01,2024-05-01,KPI_STP,85.47139139311881,ridge_lag,85.9127983388099,0.4414069456910994,0.19484009170434516
2024-04-01,2024-06-01,KPI_STP,84.99347934800927,ridge_lag,86.06852801743263,1.075048669423353,1.1557296416289218
2024-04-01,2024-07-01,KPI_STP,84.64720262927639,ridge_lag,84.06852801743263,0.5786746118437662,0.3348643063925335
2024-04-01,2024-08-01,KPI_STP,84.47307038976848,ridge_lag,82.06852801743263,2.404542372335854,5.7818240203585365
2024-04-01,2024-09-01,KPI_STP,84.48265933191621,ridge_lag,80.06852801743263,4.414131314483583,19.484555261504568
2024-04-01,2024-10-01,KPI_STP,84.67936393717491,ridge_lag,78.06852801743263,6.610835919742286,43.70315155775483
2024-05-01,2024-06-01,KPI_E2E,2.2506866996207746,ridge_lag,2.1860981001232647,0.06458859949750995,0.004171687185049742
2024-05-01,2024-07-01,KPI_E2E,2.232100034417799,ridge_lag,2.1304713099531414,0.10162872446465743,0.010328397636313259
2024-05-01,2024-08-01,KPI_E2E,2.2258057123833432,ridge_lag,2.079143331509063,0.14666238087428018,0.021509853963712425
2024-05-01,2024-09-01,KPI_E2E,2.22630420841312,ridge_lag,2.0300847575652634,0.19621945084785652,0.03850207289103438
2024-05-01,2024-10-01,KPI_E2E,2.2166688294134564,ridge_lag,2.0166464322022857,0.20002239721117077,0.040008959386103375
2024-05-01,2024-11-01,KPI_E2E,2.2070640834531234,ridge_lag,2.071625809300883,0.13543827415224063,0.018343526105337495
2024-05-01,2024-06-01,KPI_INC,34.22809786196641,ridge_lag,33.51639774496462,0.71170011700179,0.5065170565403616
2024-05-01,2024-07-01,KPI_INC,35.331782293551605,ridge_lag,33.29183412075665,2.0399481727949578,4.161388547689487
2024-05-01,2024-08-01,KPI_INC,35.93075250160674,ridge_lag,32.75325901765838,3.1774934839483606,10.09646484053429
2024-05-01,2024-09-01,KPI_INC,35.93976412811058,ridge_lag,31.80304177023408,4.136722357876501,17.112471866155314
2024-05-01,2024-10-01,KPI_INC,35.29214572037699,ridge_lag,30.966440176649066,4.325705543727928,18.711728451038528
2024-05-01,2024-11-01,KPI_INC,34.09617660855591,ridge_lag,29.580222210787,4.515954397768908,20.393844122728343
2024-05-01,2024-06-01,KPI_STP,85.62377206506966,ridge_lag,86.06852801743263,0.44475595236296783,0.19780785716229052
2024-05-01,2024-07-01,KPI_STP,85.42138240742072,ridge_lag,84.06852801743263,1.3528543899880958,1.8302150005100628
2024-05-01,2024-08-01,KPI_STP,85.4207112806904,ridge_lag,82.06852801743263,3.3521832632577713,11.23713263046552
2024-05-01,2024-09-01,KPI_STP,85.59535114636746,ridge_lag,80.06852801743263,5.526823128934836,30.545773898529056
2024-05-01,2024-10-01,KPI_STP,85.89393519829976,ridge_lag,78.06852801743263,7.825407180867131,61.236997546366865
2024-05-01,2024-11-01,KPI_STP,86.33666168500623,ridge_lag,77.62594960648623,8.710712078520004,75.87650491487429
2024-06-01,2024-07-01,KPI_E2E,2.208614989646644,ridge_lag,2.1304713099531414,0.07814367969350267,0.006106434676040741
2024-06-01,2024-08-01,KPI_E2E,2.2002348502479916,ridge_lag,2.079143331509063,0.12109151873892854,0.014663155910500282
2024-06-01,2024-09-01,KPI_E2E,2.198563312224246,ridge_lag,2.0300847575652634,0.16847855465898265,0.028385023379979803
2024-06-01,2024-10-01,KPI_E2E,2.1976129983938404,ridge_lag,2.0166464322022857,0.1809665661915547,0.032748898079162356
2024-06-01,2024-11-01,KPI_E2E,2.1909367430397895,ridge_lag,2.071625809300883,0.11931093373890667,0.014235098909649777
2024-06-01,2024-12-01,KPI_E2E,2.1922308137002906,ridge_lag,2.1157074120246038,0.07652340167568683,0.00585583100401851
2024-06-01,2024-07-01,KPI_INC,34.32176855491938,ridge_lag,33.29183412075665,1.0299344341627332,1.0607649386741094
2024-06-01,2024-08-01,KPI_INC,34.97188921906639,ridge_lag,32.75325901765838,2.2186302014080113,4.9223199705997525
2024-06-01,2024-09-01,KPI_INC,35.16347695743192,ridge_lag,31.80304177023408,3.3604351871978366,11.292524647357359
2024-06-01,2024-10-01,KPI_INC,34.69335805860619,ridge_lag,30.966440176649066,3.726917881957121,13.889916898851752
2024-06-01,2024-11-01,KPI_INC,33.6253688818234,ridge_lag,29.580222210787,4.045146671036399,16.36321159019686
2024-06-01,2024-12-01,KPI_INC,32.30415644493171,ridge_lag,28.556563592874824,3.747592852056883,14.044452184787842
2024-06-01,2024-07-01,KPI_STP,85.97657970262405,ridge_lag,84.06852801743263,1.908051685191424,3.640661233361833
2024-06-01,2024-08-01,KPI_STP,85.97128146935236,ridge_lag,82.06852801743263,3.902753451919736,15.231484506471414
2024-06-01,2024-09-01,KPI_STP,86.20403191347343,ridge_lag,80.06852801743263,6.135503896040802,37.64440805833186
2024-06-01,2024-10-01,KPI_STP,86.5728425205506,ridge_lag,78.06852801743263,8.504314503117968,72.32336516794261
2024-06-01,2024-11-01,KPI_STP,87.05480880612969,ridge_lag,77.62594960648623,9.428859199643455,88.90338580670101
2024-06-01,2024-12-01,KPI_STP,87.66880750180775,ridge_lag,79.0405987204594,8.628208781348349,74.44598677453675
2024-07-01,2024-08-01,KPI_E2E,2.1706104475801293,ridge_lag,2.079143331509063,0.09146711607106628,0.008366233322357912
2024-07-01,2024-09-01,KPI_E2E,2.166435331530961,ridge_lag,2.0300847575652634,0.13635057396569739,0.018591479020775115
2024-07-01,2024-10-01,KPI_E2E,2.1636050555052857,ridge_lag,2.0166464322022857,0.14695862330300002,0.021596836963113063
2024-07-01,2024-11-01,KPI_E2E,2.167965859665794,ridge_lag,2.071625809300883,0.096340050364911,0.009281405304313588
2024-07-01,2024-12-01,KPI_E2E,2.1730994407339326,ridge_lag,2.1157074120246038,0.0573920287093288,0.0032938449593724215
2024-07-01,2025-01-01,KPI_E2E,2.1785102482846077,ridge_lag,2.2130503001710062,0.034540051886398526,0.0011930151843151024
2024-07-01,2024-08-01,KPI_INC,33.38519514908436,ridge_lag,32.75325901765838,0.6319361314259808,0.3993432742016345
2024-07-01,2024-09-01,KPI_INC,33.50766957710954,ridge_lag,31.80304177023408,1.7046278068754575,2.905755959973032
2024-07-01,2024-10-01,KPI_INC,33.2123927184724,ridge_lag,30.966440176649066,2.2459525418233355,5.044302820122701
2024-07-01,2024-11-01,KPI_INC,32.401878109561785,ridge_lag,29.580222210787,2.821655898774786,7.9617420110905455
2024-07-01,2024-12-01,KPI_INC,31.34015888356673,ridge_lag,28.556563592874824,2.783595290691906,7.748402742362157
2024-07-01,2025-01-01,KPI_INC,30.40280794916757,ridge_lag,27.281612229169063,3.121195719998507,9.741862722537
2024-07-01,2024-08-01,KPI_STP,83.45943256142442,ridge_lag,82.06852801743263,1.3909045439917946,1.934615450497022
2024-07-01,2024-09-01,KPI_STP,83.6174756540815,ridge_lag,80.06852801743263,3.548947636648876,12.595029327675642
2024-07-01,2024-10-01,KPI_STP,83.80925628886952,ridge_lag,78.06852801743263,5.740728271436893,32.95596108647482
2024-07-01,2024-11-01,KPI_STP,84.1194797602737,ridge_lag,77.62594960648623,6.493530153787475,42.16593385814719
2024-07-01,2024-12-01,KPI_STP,84.63895383835666,ridge_lag,79.0405987204594,5.598355117897256,31.3415800260864
2024-07-01,2025-01-01,KPI_STP,85.20600433458488,ridge_lag,80.3049450772323,4.901059257352571,24.02038184408134
2024-08-01,2024-09-01,KPI_E2E,2.132111351219503,ridge_lag,2.0300847575652634,0.1020265936542395,0.010409425812687303
2024-08-01,2024-10-01,KPI_E2E,2.1267725174503402,ridge_lag,2.0166464322022857,0.11012608524805456,0.01212775465206178
2024-08-01,2024-11-01,KPI_E2E,2.128886294440118,ridge_lag,2.071625809300883,0.05726048513923532,0.0032787631583805887
2024-08-01,2024-12-01,KPI_E2E,2.14649574074857,ridge_lag,2.1157074120246038,0.030788328723966085,0.0009479211856149951
2024-08-01,2025-01-01,KPI_E2E,2.1561310708527706,ridge_lag,2.2130503001710062,0.056919229318235676,0.0032397986661819
2024-08-01,2025-02-01,KPI_E2E,2.169189000693764,ridge_lag,2.34352415182291,0.17433515112914622,0.03039274491922225
2024-08-01,2024-09-01,KPI_INC,32.54477218700738,ridge_lag,31.80304177023408,0.7417304167733008,0.5501640111666944
2024-08-01,2024-10-01,KPI_INC,32.22822886656336,ridge_lag,30.966440176649066,1.2617886899142974,1.592110697995639
2024-08-01,2024-11-01,KPI_INC,31.541618159296583,ridge_lag,29.580222210787,1.9613959485095833,3.847074066829808
2024-08-01,2024-12-01,KPI_INC,30.635734591379318,ridge_lag,28.556563592874824,2.0791709985044946,4.322952041022177
2024-08-01,2025-01-01,KPI_INC,29.841906381933658,ridge_lag,27.281612229169063,2.5602941527645946,6.555106148680573
2024-08-01,2025-02-01,KPI_INC,29.471414344793143,ridge_lag,27.67486352330781,1.796550821485333,3.2275948541796247
2024-08-01,2024-09-01,KPI_STP,81.83923771625358,ridge_lag,80.06852801743263,1.7707096988209514,3.1354128374985843
2024-08-01,2024-10-01,KPI_STP,82.2452399306324,ridge_lag,78.06852801743263,4.176711913199767,17.44492240586486
2024-08-01,2024-11-01,KPI_STP,82.65286619052549,ridge_lag,77.62594960648623,5.026916584039256,25.269890342888903
2024-08-01,2024-12-01,KPI_STP,83.14924856044253,ridge_lag,79.0405987204594,4.10864983998313,16.881003507593398
2024-08-01,2025-01-01,KPI_STP,83.77169658507495,ridge_lag,80.3049450772323,3.4667515078426447,12.018366017129251
2024-08-01,2025-02-01,KPI_STP,84.32066661426734,ridge_lag,80.69253986900863,3.6281267452587116,13.163303679661572
2024-09-01,2024-10-01,KPI_E2E,2.0868919797249097,ridge_lag,2.0166464322022857,0.07024554752262402,0.004934436946753229
2024-09-01,2024-11-01,KPI_E2E,2.0867036139734103,ridge_lag,2.071625809300883,0.015077804672527506,0.00022734019374289228
2024-09-01,2024-12-01,KPI_E2E,2.102064024550866,ridge_lag,2.1157074120246038,0.013643387473737612,0.00018614202175854037
2024-09-01,2025-01-01,KPI_E2E,2.126043148463306,ridge_lag,2.2130503001710062,0.08700715170770001,0.007570244448286726
2024-09-01,2025-02-01,KPI_E2E,2.143868642188202,ridge_lag,2.34352415182291,0.19965550963470813,0.03986232252749503
2024-09-01,2025-03-01,KPI_E2E,2.146316130487568,ridge_lag,2.4286244484863584,0.2823083179987904,0.07969798641130617
2024-09-01,2024-10-01,KPI_INC,31.055109019557477,ridge_lag,30.966440176649066,0.0886688429084117,0.007862163702716593
2024-09-01,2024-11-01,KPI_INC,30.307479612245302,ridge_lag,29.580222210787,0.7272574014583029,0.5289033279758831
2024-09-01,2024-12-01,KPI_INC,29.541304905109424,ridge_lag,28.556563592874824,0.9847413122346005,0.9697154520215229
2024-09-01,2025-01-01,KPI_INC,28.94768624976795,ridge_lag,27.281612229169063,1.666074020598888,2.775802642114544
2024-09-01,2025-02-01,KPI_INC,28.768898888669675,ridge_lag,27.67486352330781,1.094035365361865,1.1969133806624697
2024-09-01,2025-03-01,KPI_INC,29.1602455368273,ridge_lag,28.383764578171668,0.7764809586556325,0.60292267915477
2024-09-01,2024-10-01,KPI_STP,79.73054300305867,ridge_lag,78.06852801743263,1.662014985626044,2.7622938124455394
2024-09-01,2024-11-01,KPI_STP,80.20026718714666,ridge_lag,77.62594960648623,2.574317580660434,6.627111006097391
2024-09-01,2024-12-01,KPI_STP,80.873421292281,ridge_lag,79.0405987204594,1.8328225718215947,3.3592385797787245
2024-09-01,2025-01-01,KPI_STP,81.65701350827943,ridge_lag,80.3049450772323,1.3520684310471296,1.8280890422342466
2024-09-01,2025-02-01,KPI_STP,82.41640788937619,ridge_lag,80.69253986900863,1.7238680203675614,2.971720951645975
2024-09-01,2025-03-01,KPI_STP,83.00763888258875,ridge_lag,80.19484419720723,2.812794685381519,7.911813942110518
2024-10-01,2024-11-01,KPI_E2E,2.05163449225484,ridge_lag,2.071625809300883,0.019991317046042845,0.0003996527572354032
2024-10-01,2024-12-01,KPI_E2E,2.067188209510992,ridge_lag,2.1157074120246038,0.04851920251361186,0.0023541130125568793
2024-10-01,2025-01-01,KPI_E2E,2.092561419012743,ridge_lag,2.2130503001710062,0.12048888115826317,0.014517570482770066
2024-10-01,2025-02-01,KPI_E2E,2.123033109670895,ridge_lag,2.34352415182291,0.2204910421520152,0.04861629966928174
2024-10-01,2025-03-01,KPI_E2E,2.1317135693499405,ridge_lag,2.4286244484863584,0.2969108791364179,0.08815607014956055
2024-10-01,2025-04-01,KPI_E2E,2.12486402275869,ridge_lag,2.5283335440240795,0.4034695212653894,0.16278765459012248
2024-10-01,2024-11-01,KPI_INC,29.957411362219556,ridge_lag,29.580222210787,0.3771891514325567,0.1422716559584122
2024-10-01,2024-12-01,KPI_INC,28.988572378287767,ridge_lag,28.556563592874824,0.4320087854129433,0.18663159067396648
2024-10-01,2025-01-01,KPI_INC,28.36371916648996,ridge_lag,27.281612229169063,1.0821069373208978,1.1709554237980135
2024-10-01,2025-02-01,KPI_INC,28.310094825155158,ridge_lag,27.67486352330781,0.6352313018473481,0.4035188068466767
2024-10-01,2025-03-01,KPI_INC,28.892712892103336,ridge_lag,28.383764578171668,0.5089483139316684,0.2590283862538881
2024-10-01,2025-04-01,KPI_INC,29.991757873658738,ridge_lag,30.254154533855832,0.2623966601970942,0.0688520072825893
2024-10-01,2024-11-01,KPI_STP,77.50189810290901,ridge_lag,77.62594960648623,0.1240515035772205,0.015388775539769152
2024-10-01,2024-12-01,KPI_STP,77.49342868863465,ridge_lag,79.0405987204594,1.5471700318247485,2.3937351073765933
2024-10-01,2025-01-01,KPI_STP,77.88702081450748,ridge_lag,80.3049450772323,2.4179242627248243,5.846357740273385
2024-10-01,2025-02-01,KPI_STP,78.51336958366937,ridge_lag,80.69253986900863,2.1791702853392536,4.748783132505564
2024-10-01,2025-03-01,KPI_STP,79.27675809229535,ridge_lag,80.19484419720723,0.9180861049118789,0.8428820960322655
2024-10-01,2025-04-01,KPI_STP,80.22785516588809,ridge_lag,81.04256725745932,0.8147120915712378,0.663755792152381
2024-11-01,2024-12-01,KPI_E2E,2.064451749188862,ridge_lag,2.1157074120246038,0.05125566283574168,0.0026271429727312305
2024-11-01,2025-01-01,KPI_E2E,2.093433739971265,ridge_lag,2.2130503001710062,0.11961656019974143,0.014308121474018365
2024-11-01,2025-02-01,KPI_E2E,2.1284435573547227,ridge_lag,2.34352415182291,0.2150805944681875,0.046259662116788926
2024-11-01,2025-03-01,KPI_E2E,2.137503289531119,ridge_lag,2.4286244484863584,0.2911211589552396,0.08475152919144188
2024-11-01,2025-04-01,KPI_E2E,2.133323753779507,ridge_lag,2.5283335440240795,0.3950097902445724,0.15603273438906107
2024-11-01,2025-05-01,KPI_E2E,2.1144561234992194,ridge_lag,2.533568076528538,0.4191119530293186,0.17565482917204975
2024-11-01,2024-12-01,KPI_INC,28.39114303859659,ridge_lag,28.556563592874824,0.165420554278235,0.027363959777718487
2024-11-01,2025-01-01,KPI_INC,27.65981636839389,ridge_lag,27.281612229169063,0.37820413922482743,0.14303837092679264
2024-11-01,2025-02-01,KPI_INC,27.61278716769132,ridge_lag,27.67486352330781,0.062076355616490275,0.003853473926624964
2024-11-01,2025-03-01,KPI_INC,28.277676442951012,ridge_lag,28.383764578171668,0.10608813522065574,0.011254692434596137
2024-11-01,2025-04-01,KPI_INC,29.500693227703486,ridge_lag,30.254154533855832,0.7534613061523459,0.5677039398687991
2024-11-01,2025-05-01,KPI_INC,30.89253102758325,ridge_lag,33.0702310494008,2.1777000218175537,4.742377385024174
2024-11-01,2024-12-01,KPI_STP,77.69906630985741,ridge_lag,79.0405987204594,1.3415324106019852,1.7997092086955735
2024-11-01,2025-01-01,KPI_STP,78.14676333078445,ridge_lag,80.3049450772323,2.158181746447852,4.6577484507007
2024-11-01,2025-02-01,KPI_STP,78.81233288166757,ridge_lag,80.69253986900863,1.8802069873410545,3.5351783152461245
2024-11-01,2025-03-01,KPI_STP,79.60069672375819,ridge_lag,80.19484419720723,0.5941474734490413,0.3530112202058792
2024-11-01,2025-04-01,KPI_STP,80.56026252480933,ridge_lag,81.04256725745932,0.4823047326499932,0.2326178551365814
2024-11-01,2025-05-01,KPI_STP,81.51047176004847,ridge_lag,80.29865181129595,1.2118199487525203,1.4685075881945608
2024-12-01,2025-01-01,KPI_E2E,2.1037652502313953,ridge_lag,2.2130503001710062,0.10928504993961097,0.011943222140303264
2024-12-01,2025-02-01,KPI_E2E,2.1432550840349567,ridge_lag,2.34352415182291,0.2002690677879535,0.040107699512655914
2024-12-01,2025-03-01,KPI_E2E,2.1564554248042107,ridge_lag,2.4286244484863584,0.2721690236821477,0.07407597745209346
2024-12-01,2025-04-01,KPI_E2E,2.147069799773605,ridge_lag,2.5283335440240795,0.3812637442504747,0.1453620426798914
2024-12-01,2025-05-01,KPI_E2E,2.1289289607889432,ridge_lag,2.533568076528538,0.40463911573959477,0.16373281398652118
2024-12-01,2025-06-01,KPI_E2E,2.0901324253556854,ridge_lag,2.627729863052918,0.5375974376972326,0.28901100501862986
2024-12-01,2025-01-01,KPI_INC,27.89884775041359,ridge_lag,27.281612229169063,0.6172355212445275,0.38097968868600357
2024-12-01,2025-02-01,KPI_INC,27.885723292529093,ridge_lag,27.67486352330781,0.21085976922128324,0.04446184227605283
2024-12-01,2025-03-01,KPI_INC,28.547716025578804,ridge_lag,28.383764578171668,0.16395144740713619,0.026880077106894943
2024-12-01,2025-04-01,KPI_INC,29.74224467845411,ridge_lag,30.254154533855832,0.5119098554017221,0.262051700057412
2024-12-01,2025-05-01,KPI_INC,31.094630473418697,ridge_lag,33.0702310494008,1.9756005759821065,3.9029976358208307
2024-12-01,2025-06-01,KPI_INC,32.19152275640954,ridge_lag,35.84546281119766,3.653940054788123,13.35127792398503
2024-12-01,2025-01-01,KPI_STP,80.4549171752987,ridge_lag,80.3049450772323,0.14997209806639944,0.02249163019843773
2024-12-01,2025-02-01,KPI_STP,81.88664165867827,ridge_lag,80.69253986900863,1.194101789669645,1.4258790840922493
2024-12-01,2025-03-01,KPI_STP,83.17699971356755,ridge_lag,80.19484419720723,2.982155516360322,8.8932515237583
2024-12-01,2025-04-01,KPI_STP,84.3196835082343,ridge_lag,81.04256725745932,3.2771162507749807,10.739490921093466
2024-12-01,2025-05-01,KPI_STP,85.19771872802647,ridge_lag,80.29865181129595,4.8990669167305185,24.00085665460347
2024-12-01,2025-06-01,KPI_STP,85.71856730734144,ridge_lag,78.4824176349004,7.236149672441044,52.36186208196863
2025-01-01,2025-02-01,KPI_E2E,2.1716373082252134,ridge_lag,2.34352415182291,0.1718868435976968,0.029545087001979078
2025-01-01,2025-03-01,KPI_E2E,2.190540956779058,ridge_lag,2.4286244484863584,0.23808349170730025,0.056683749023540106
2025-01-01,2025-04-01,KPI_E2E,2.187651217674523,ridge_lag,2.5283335440240795,0.3406823263495564,0.11606444748694567
2025-01-01,2025-05-01,KPI_E2E,2.156532430029682,ridge_lag,2.533568076528538,0.377035646498856,0.14215587873081031
2025-01-01,2025-06-01,KPI_E2E,2.115948301491889,ridge_lag,2.627729863052918,0.5117815615610288,0.26192036675384517
2025-01-01,2025-07-01,KPI_E2E,2.0731562793188805,ridge_lag,2.449452103148204,0.3762958238293237,0.1415985470313894
2025-01-01,2025-02-01,KPI_INC,27.041334520075072,ridge_lag,27.67486352330781,0.6335290032327379,0.40135899793706636
2025-01-01,2025-03-01,KPI_INC,27.669899999475643,ridge_lag,28.383764578171668,0.7138645786960254,0.5096026367168538
2025-01-01,2025-04-01,KPI_INC,28.941711869730344,ridge_lag,30.254154533855832,1.3124426641254878,1.722505746616808
2025-01-01,2025-05-01,KPI_INC,30.4296947778258,ridge_lag,33.0702310494008,2.6405362715750016,6.972431801503211
2025-01-01,2025-06-01,KPI_INC,31.679654373710143,ridge_lag,35.84546281119766,4.16580843748752,17.353959937842212
2025-01-01,2025-07-01,KPI_INC,32.24141528437813,ridge_lag,36.36823760620986,4.126822321831732,17.030662475968644
2025-01-01,2025-02-01,KPI_STP,81.65575841957121,ridge_lag,80.69253986900863,0.963218550562587,0.9277899761478909
2025-01-01,2025-03-01,KPI_STP,82.90537979221581,ridge_lag,80.19484419720723,2.7105355950085794,7.347003211808514
2025-01-01,2025-04-01,KPI_STP,84.03785112392863,ridge_lag,81.04256725745932,2.9952838664693076,8.971725440731324
2025-01-01,2025-05-01,KPI_STP,84.92895836377394,ridge_lag,80.29865181129595,4.63030655247799,21.439738769920606
2025-01-01,2025-06-01,KPI_STP,85.47615231261898,ridge_lag,78.4824176349004,6.993734677718578,48.912324742323385
2025-01-01,2025-07-01,KPI_STP,85.4264905145358,ridge_lag,78.84768131416385,6.57880920037195,43.28073049489861
2025-02-01,2025-03-01,KPI_E2E,2.236697322213999,ridge_lag,2.4286244484863584,0.19192712627235942,0.036836021799166195
2025-02-01,2025-04-01,KPI_E2E,2.240457863648644,ridge_lag,2.5283335440240795,0.28787568037543565,0.08287240735161999
2025-02-01,2025-05-01,KPI_E2E,2.217122993282435,ridge_lag,2.533568076528538,0.3164450832461032,0.10013749071063319
2025-02-01,2025-06-01,KPI_E2E,2.1548036894689315,ridge_lag,2.627729863052918,0.4729261735839865,0.22365916566079092
2025-02-01,2025-07-01,KPI_E2E,2.1076684946340967,ridge_lag,2.449452103148204,0.3417836085141075,0.1168160350489247
2025-02-01,2025-08-01,KPI_E2E,2.068038411956261,ridge_lag,2.297175245499411,0.22913683354315006,0.05250368848618126
2025-02-01,2025-03-01,KPI_INC,28.49608504302422,ridge_lag,28.383764578171668,0.11232046485255154,0.012615886824693265
2025-02-01,2025-04-01,KPI_INC,29.77681232383317,ridge_lag,30.254154533855832,0.4773422100226625,0.22785558546931967
2025-02-01,2025-05-01,KPI_INC,31.181655618931075,ridge_lag,33.0702310494008,1.8885754304697286,3.5667171565739206
2025-02-01,2025-06-01,KPI_INC,32.3055383335777,ridge_lag,35.84546281119766,3.5399244776199623,12.531065307252963
2025-02-01,2025-07-01,KPI_INC,32.733742487608346,ridge_lag,36.36823760620986,3.6344951186015138,13.209554767138231
2025-02-01,2025-08-01,KPI_INC,32.37786025400408,ridge_lag,35.808573593898174,3.4307133398940977,11.769794020527314
2025-02-01,2025-03-01,KPI_STP,81.47691796845754,ridge_lag,80.19484419720723,1.2820737712503103,1.643713154927993
2025-02-01,2025-04-01,KPI_STP,82.4592678068975,ridge_lag,81.04256725745932,1.4167005494381755,2.0070404467784284
2025-02-01,2025-05-01,KPI_STP,83.3539881520279,ridge_lag,80.29865181129595,3.055336340731941,9.335080154997247
2025-02-01,2025-06-01,KPI_STP,83.9632482410488,ridge_lag,78.4824176349004,5.480830606148402,30.039504133293057
2025-02-01,2025-07-01,KPI_STP,84.03704706168496,ridge_lag,78.84768131416385,5.189365747521109,26.929516861545313
2025-02-01,2025-08-01,KPI_STP,83.69059837723869,ridge_lag,79.05326836773517,4.637330009503515,21.504829617041867
2025-03-01,2025-04-01,KPI_E2E,2.292159333074074,ridge_lag,2.5283335440240795,0.23617421095000557,0.05577825791785773
2025-03-01,2025-05-01,KPI_E2E,2.274140382597445,ridge_lag,2.533568076528538,0.2594276939310931,0.06730272837840492
2025-03-01,2025-06-01,KPI_E2E,2.218529134784835,ridge_lag,2.627729863052918,0.40920072826808296,0.16744523601512948
2025-03-01,2025-07-01,KPI_E2E,2.1468573011651952,ridge_lag,2.449452103148204,0.3025948019830089,0.09156361418713638
2025-03-01,2025-08-01,KPI_E2E,2.100683879060617,ridge_lag,2.297175245499411,0.1964913664387944,0.03860885708498457
2025-03-01,2025-09-01,KPI_E2E,2.0611867713308443,ridge_lag,2.284123884796922,0.2229371134660778,0.04970095656058685
2025-03-01,2025-04-01,KPI_INC,29.631395054271202,ridge_lag,30.254154533855832,0.6227594795846301,0.3878293694125193
2025-03-01,2025-05-01,KPI_INC,31.03328868886008,ridge_lag,33.0702310494008,2.036942360540724,4.149134180165218
2025-03-01,2025-06-01,KPI_INC,32.17002269886992,ridge_lag,35.84546281119766,3.675440112327742,13.508860019307763
2025-03-01,2025-07-01,KPI_INC,32.617660598142216,ridge_lag,36.36823760620986,3.750577008067644,14.066827893445641
2025-03-01,2025-08-01,KPI_INC,32.284827178416194,ridge_lag,35.808573593898174,3.5237464154819804,12.416788800622106
2025-03-01,2025-09-01,KPI_INC,31.216657460584575,ridge_lag,34.998849735257686,3.782192274673111,14.304978402596962
2025-03-01,2025-04-01,KPI_STP,80.46420013831346,ridge_lag,81.04256725745932,0.5783671191458666,0.334508524509089
2025-03-01,2025-05-01,KPI_STP,80.95768842858588,ridge_lag,80.29865181129595,0.659036617289928,0.434329262928951
2025-03-01,2025-06-01,KPI_STP,81.25500241460331,ridge_lag,78.4824176349004,2.7725847797029104,7.687226360640236
2025-03-01,2025-07-01,KPI_STP,81.153702598375,ridge_lag,78.84768131416385,2.3060212842111554,5.317734163234866
2025-03-01,2025-08-01,KPI_STP,80.78799468431352,ridge_lag,79.05326836773517,1.734726316578346,3.009275393429476
2025-03-01,2025-09-01,KPI_STP,80.3721452557133,ridge_lag,78.94908903080442,1.4230562249088905,2.0250890192519426
2025-04-01,2025-05-01,KPI_E2E,2.3485354869986006,ridge_lag,2.533568076528538,0.1850325895299374,0.0342370591881543
2025-04-01,2025-06-01,KPI_E2E,2.2977706957505584,ridge_lag,2.627729863052918,0.32995916730235963,0.10887305208686655
2025-04-01,2025-07-01,KPI_E2E,2.229769164708539,ridge_lag,2.449452103148204,0.21968293843966524,0.04826059344148575
2025-04-01,2025-08-01,KPI_E2E,2.151239857570829,ridge_lag,2.297175245499411,0.1459353879285823,0.0212971374498658
2025-04-01,2025-09-01,KPI_E2E,2.099900358736093,ridge_lag,2.284123884796922,0.18422352606082892,0.03393830755428491
2025-04-01,2025-10-01,KPI_E2E,2.07901508646082,ridge_lag,2.283235761765125,0.2042206753043052,0.04170608422174646
2025-04-01,2025-05-01,KPI_INC,31.79548773068783,ridge_lag,33.0702310494008,1.2747433187129715,1.6249705286033604
2025-04-01,2025-06-01,KPI_INC,33.001374237240825,ridge_lag,35.84546281119766,2.8440885739568387,8.088839816511845
2025-04-01,2025-07-01,KPI_INC,33.348604883459295,ridge_lag,36.36823760620986,3.019632722750565,9.11818178030599
2025-04-01,2025-08-01,KPI_INC,32.85194154203638,ridge_lag,35.808573593898174,2.9566320518617957,8.741673090096493
2025-04-01,2025-09-01,KPI_INC,31.557518351370028,ridge_lag,34.998849735257686,3.4413313838876576,11.842761693730141
2025-04-01,2025-10-01,KPI_INC,29.878747763225356,ridge_lag,33.92330658647167,4.044558823246312,16.358456074699596
2025-04-01,2025-05-01,KPI_STP,81.93719590389505,ridge_lag,80.29865181129595,1.6385440925990906,2.684826743391377
2025-04-01,2025-06-01,KPI_STP,82.44745882058878,ridge_lag,78.4824176349004,3.965041185688378,15.721551604205096
2025-04-01,2025-07-01,KPI_STP,82.42971209384793,ridge_lag,78.84768131416385,3.582030779684075,12.830944506604103
2025-04-01,2025-08-01,KPI_STP,82.08129947933378,ridge_lag,79.05326836773517,3.028031111598608,9.168972412809103
2025-04-01,2025-09-01,KPI_STP,81.65781547147384,ridge_lag,78.94908903080442,2.708726440669423,7.337198930381642
2025-04-01,2025-10-01,KPI_STP,81.15017483951011,ridge_lag,78.94757254291201,2.2026022965981014,4.85145687697923
2025-05-01,2025-06-01,KPI_E2E,2.3672200040878564,ridge_lag,2.627729863052918,0.2605098589650616,0.06786538661799629
2025-05-01,2025-07-01,KPI_E2E,2.3029838624914394,ridge_lag,2.449452103148204,0.14646824065676478,0.021452945521087962
2025-05-01,2025-08-01,KPI_E2E,2.226175179266753,ridge_lag,2.297175245499411,0.0710000662326582,0.005041009405041851
2025-05-01,2025-09-01,KPI_E2E,2.1502915197379613,ridge_lag,2.284123884796922,0.1338323650589608,0.017911101937274947
2025-05-01,2025-10-01,KPI_E2E,2.118924528171926,ridge_lag,2.283235761765125,0.1643112335931991,0.02699818148491884
2025-05-01,2025-11-01,KPI_E2E,2.1153083665816563,ridge_lag,2.2763045157068817,0.16099614912522542,0.02591976003315182
2025-05-01,2025-06-01,KPI_INC,34.659819449748205,ridge_lag,35.84546281119766,1.1856433614494577,1.4057501805491694
2025-05-01,2025-07-01,KPI_INC,35.21444376405173,ridge_lag,36.36823760620986,1.1537938421581302,1.3312402302020203
2025-05-01,2025-08-01,KPI_INC,34.54219032009424,ridge_lag,35.808573593898174,1.2663832738039318,1.6037265961703642
2025-05-01,2025-09-01,KPI_INC,32.856847781328675,ridge_lag,34.998849735257686,2.142001953929011,4.588172370635701
2025-05-01,2025-10-01,KPI_INC,30.647038526471846,ridge_lag,33.92330658647167,3.276268059999822,10.733932400974997
2025-05-01,2025-11-01,KPI_INC,28.508162035639533,ridge_lag,32.304720258471214,3.796558222831681,14.413854339350854
2025-05-01,2025-06-01,KPI_STP,79.91853136695498,ridge_lag,78.4824176349004,1.4361137320545794,2.062422651395732
2025-05-01,2025-07-01,KPI_STP,79.48244760598926,ridge_lag,78.84768131416385,0.6347662918254144,0.4029282452377872
2025-05-01,2025-08-01,KPI_STP,78.97041431928609,ridge_lag,79.05326836773517,0.08285404844907873,0.0068647933444022854
2025-05-01,2025-09-01,KPI_STP,78.507736471042,ridge_lag,78.94908903080442,0.4413525597624215,0.19479208200884182
2025-05-01,2025-10-01,KPI_STP,78.18543344793109,ridge_lag,78.94757254291201,0.7621390949809239,0.5808560000983418
2025-05-01,2025-11-01,KPI_STP,78.14308178309201,ridge_lag,79.29373227898978,1.1506504958977644,1.323996563709771
2025-06-01,2025-07-01,KPI_E2E,2.407802993802039,ridge_lag,2.449452103148204,0.04164910934616506,0.0017346483093288135
2025-06-01,2025-08-01,KPI_E2E,2.3393655825679174,ridge_lag,2.297175245499411,0.04219033706850617,0.0017800245419541656
2025-06-01,2025-09-01,KPI_E2E,2.2686612682450975,ridge_lag,2.284123884796922,0.01546261655182457,0.00023909251062875919
2025-06-01,2025-10-01,KPI_E2E,2.2034059235681887,ridge_lag,2.283235761765125,0.07982983819693645,0.006372803066549054
2025-06-01,2025-11-01,KPI_E2E,2.1859909363592607,ridge_lag,2.2763045157068817,0.09031357934762108,0.008156542614579048
2025-06-01,2025-12-01,KPI_E2E,2.2075469871203177,ridge_lag,2.2670277150987834,0.05948072797846571,0.0035379570008482334
2025-06-01,2025-07-01,KPI_INC,36.830014346500235,ridge_lag,36.36823760620986,0.4617767402903752,0.21323775787320462
2025-06-01,2025-08-01,KPI_INC,36.39362760490831,ridge_lag,35.808573593898174,0.5850540110101363,0.34228819579904873
2025-06-01,2025-09-01,KPI_INC,34.56374182954231,ridge_lag,34.998849735257686,0.43510790571537683,0.18931888961602125
2025-06-01,2025-10-01,KPI_INC,31.960966666147144,ridge_lag,33.92330658647167,1.9623399203245242,3.8507779628992598
2025-06-01,2025-11-01,KPI_INC,29.258752641314803,ridge_lag,32.304720258471214,3.0459676171564105,9.2779187247655
2025-06-01,2025-12-01,KPI_INC,27.16870785225086,ridge_lag,30.81631769390537,3.647609841654507,13.305057556934818
2025-06-01,2025-07-01,KPI_STP,77.37562783403064,ridge_lag,78.84768131416385,1.4720534801332121,2.166941448372301
2025-06-01,2025-08-01,KPI_STP,76.62579327871934,ridge_lag,79.05326836773517,2.4274750890158288,5.892635307792406
2025-06-01,2025-09-01,KPI_STP,76.11310060686125,ridge_lag,78.94908903080442,2.8359884239431636,8.042830340739629
2025-06-01,2025-10-01,KPI_STP,75.91436376567378,ridge_lag,78.94757254291201,3.0332087772382295,9.200355486315035
2025-06-01,2025-11-01,KPI_STP,76.08524351440758,ridge_lag,79.29373227898978,3.2084887645821993,10.294400152450208
2025-06-01,2025-12-01,KPI_STP,76.59688742805668,ridge_lag,79.45723808477274,2.860350656716065,8.181605879376024
2025-07-01,2025-08-01,KPI_E2E,2.3614979041002613,ridge_lag,2.297175245499411,0.06432265860085007,0.004137404409481511
2025-07-01,2025-09-01,KPI_E2E,2.293573530304074,ridge_lag,2.284123884796922,0.009449645507151772,8.929580021083366e-05
2025-07-01,2025-10-01,KPI_E2E,2.2292865424233215,ridge_lag,2.283235761765125,0.053949219341803634,0.0029105182675900395
2025-07-01,2025-11-01,KPI_E2E,2.2065549826817374,ridge_lag,2.2763045157068817,0.0697495330251443,0.004864997357225696
2025-07-01,2025-12-01,KPI_E2E,2.2260481112095043,ridge_lag,2.2670277150987834,0.040979603889279126,0.0016793279349222208
2025-07-01,2026-01-01,KPI_E2E,2.248416325346279,ridge_lag,2.291629489946694,0.0432131646004148,0.0018673775947825428
2025-07-01,2025-08-01,KPI_INC,35.76246018668648,ridge_lag,35.808573593898174,0.04611340721169199,0.002126446324671327
2025-07-01,2025-09-01,KPI_INC,33.83679585729032,ridge_lag,34.998849735257686,1.1620538779673666,1.3503692152989952
2025-07-01,2025-10-01,KPI_INC,31.292408261582068,ridge_lag,33.92330658647167,2.6308983248896,6.921625995906902
2025-07-01,2025-11-01,KPI_INC,28.756969268690046,ridge_lag,32.304720258471214,3.547750989781168,12.586537085493257
2025-07-01,2025-12-01,KPI_INC,26.912537042560974,ridge_lag,30.81631769390537,3.9037806513443947,15.239503373810866
2025-07-01,2026-01-01,KPI_INC,25.972291162099733,ridge_lag,29.50189190434349,3.5296007422437583,12.45808139964769
2025-07-01,2025-08-01,KPI_STP,78.66908745673777,ridge_lag,79.05326836773517,0.3841809109974008,0.1475949723747928
2025-07-01,2025-09-01,KPI_STP,78.25954955453888,ridge_lag,78.94908903080442,0.6895394762655371,0.47546468932855124
2025-07-01,2025-10-01,KPI_STP,77.97798216917994,ridge_lag,78.94757254291201,0.9695903737320748,0.9401054928339044
2025-07-01,2025-11-01,KPI_STP,77.99296870153826,ridge_lag,79.29373227898978,1.3007635774515194,1.6919858844244748
2025-07-01,2025-12-01,KPI_STP,78.35153872962697,ridge_lag,79.45723808477274,1.1056993551457737,1.2225710639697798
2025-07-01,2026-01-01,KPI_STP,78.93336451727635,ridge_lag,80.2213302750666,1.2879657577902606,1.6588557932402401
2025-08-01,2025-09-01,KPI_E2E,2.2693456134769794,ridge_lag,2.284123884796922,0.014778271319942693,0.00021839730320584075
2025-08-01,2025-10-01,KPI_E2E,2.2027257581653026,ridge_lag,2.283235761765125,0.08051000359982252,0.006481860679643435
2025-08-01,2025-11-01,KPI_E2E,2.177869478836133,ridge_lag,2.2763045157068817,0.09843503687074895,0.009689456483745706
2025-08-01,2025-12-01,KPI_E2E,2.2055037332540426,ridge_lag,2.2670277150987834,0.06152398184474084,0.0037852003420320002
2025-08-01,2026-01-01,KPI_E2E,2.230347865278729,ridge_lag,2.291629489946694,0.06128162466796461,0.003755437521945288
2025-08-01,2026-02-01,KPI_E2E,2.2753722927994464,ridge_lag,2.4607052554118827,0.18533296261243626,0.0343483070307027
2025-08-01,2025-09-01,KPI_INC,33.8306301358387,ridge_lag,34.998849735257686,1.1682195994189826,1.3647370324666481
2025-08-01,2025-10-01,KPI_INC,31.221656574511893,ridge_lag,33.92330658647167,2.7016500119597744,7.298912787122249
2025-08-01,2025-11-01,KPI_INC,28.603694578650014,ridge_lag,32.304720258471214,3.7010256798212,13.697591082695974
2025-08-01,2025-12-01,KPI_INC,26.68219386590893,ridge_lag,30.81631769390537,4.13412382799644,17.09097982520794
2025-08-01,2026-01-01,KPI_INC,25.680135738141736,ridge_lag,29.50189190434349,3.821756166201755,14.605820193901138
2025-08-01,2026-02-01,KPI_INC,25.82777376441134,ridge_lag,30.98011972987938,5.15234596546804,26.546668947874792
2025-08-01,2025-09-01,KPI_STP,78.7809018507015,ridge_lag,78.94908903080442,0.1681871801029189,0.028286927550971674
2025-08-01,2025-10-01,KPI_STP,78.50251850177003,ridge_lag,78.94757254291201,0.44505404114198654,0.19807309953681304
2025-08-01,2025-11-01,KPI_STP,78.47897487795082,ridge_lag,79.29373227898978,0.8147574010389604,0.6638296225477615
2025-08-01,2025-12-01,KPI_STP,78.78642035816891,ridge_lag,79.45723808477274,0.6708177266038291,0.4499964223259296
2025-08-01,2026-01-01,KPI_STP,79.31670452044054,ridge_lag,80.2213302750666,0.9046257546260676,0.8183477559327823
2025-08-01,2026-02-01,KPI_STP,79.85006144634167,ridge_lag,79.70742888587357,0.14263256046810113,0.020344047305686525
2025-09-01,2025-10-01,KPI_E2E,2.2079259637553545,ridge_lag,2.283235761765125,0.07530979800977056,0.005671565676272442
2025-09-01,2025-11-01,KPI_E2E,2.183580959605838,ridge_lag,2.2763045157068817,0.09272355610104377,0.008597657856023412
2025-09-01,2025-12-01,KPI_E2E,2.2117199450486544,ridge_lag,2.2670277150987834,0.05530777005012899,0.0030589494279179455
2025-09-01,2026-01-01,KPI_E2E,2.2348045193645123,ridge_lag,2.291629489946694,0.0568249705821815,0.003229077281665793
2025-09-01,2026-02-01,KPI_E2E,2.2792581560944583,ridge_lag,2.4607052554118827,0.18144709931742442,0.03292304985070728
2025-09-01,2026-03-01,KPI_E2E,2.333558141881185,ridge_lag,2.460081023785816,0.12652288190463112,0.016008039645453234
2025-09-01,2025-10-01,KPI_INC,32.85578341819012,ridge_lag,33.92330658647167,1.0675231682815465,1.139605714817871
2025-09-01,2025-11-01,KPI_INC,30.496854768944807,ridge_lag,32.304720258471214,1.8078654895264066,3.268377628220554
2025-09-01,2025-12-01,KPI_INC,28.460245376033324,ridge_lag,30.81631769390537,2.3560723178720444,5.5510767670429475
2025-09-01,2026-01-01,KPI_INC,27.10509933591014,ridge_lag,29.50189190434349,2.3967925684333515,5.744614616097342
2025-09-01,2026-02-01,KPI_INC,26.733663975983433,ridge_lag,30.98011972987938,4.2464557538959475,18.032386469796002
2025-09-01,2026-03-01,KPI_INC,27.37047882877802,ridge_lag,30.92368019263183,3.5532013638538125,12.625239932092594
2025-09-01,2025-10-01,KPI_STP,78.72996205538865,ridge_lag,78.94757254291201,0.2176104875233591,0.04735432428015403
2025-09-01,2025-11-01,KPI_STP,78.70777329734901,ridge_lag,79.29373227898978,0.585958981640772,0.34334792816549053
2025-09-01,2025-12-01,KPI_STP,79.00108345478526,ridge_lag,79.45723808477274,0.4561546299874806,0.2080770464590153
2025-09-01,2026-01-01,KPI_STP,79.51376541067371,ridge_lag,80.2213302750666,0.7075648643928929,0.500648037323333
2025-09-01,2026-02-01,KPI_STP,80.02785068173188,ridge_lag,79.70742888587357,0.32042179585830866,0.10267012726106363
2025-09-01,2026-03-01,KPI_STP,80.32185863116757,ridge_lag,81.70742888587357,1.3855702547059963,1.9198049307260394
2025-10-01,2025-11-01,KPI_E2E,2.212585100917994,ridge_lag,2.2763045157068817,0.06371941478888754,0.0040601638210383
2025-10-01,2025-12-01,KPI_E2E,2.244391217865229,ridge_lag,2.2670277150987834,0.02263649723355421,0.0005124110070047074
2025-10-01,2026-01-01,KPI_E2E,2.269598545845971,ridge_lag,2.291629489946694,0.022030944100722927,0.00048536249796917835
2025-10-01,2026-02-01,KPI_E2E,2.303773149826693,ridge_lag,2.4607052554118827,0.15693210558518977,0.02462768576340115
2025-10-01,2026-03-01,KPI_E2E,2.3545879313898816,ridge_lag,2.460081023785816,0.10549309239593452,0.011128792543257177
2025-10-01,2026-04-01,KPI_E2E,2.3918252912175872,ridge_lag,2.484506376482626,0.09268108526503882,0.008589783565905396
2025-10-01,2025-11-01,KPI_INC,32.04590977320289,ridge_lag,32.304720258471214,0.2588104852683273,0.06698286728482705
2025-10-01,2025-12-01,KPI_INC,30.307333537009708,ridge_lag,30.81631769390537,0.5089841568956608,0.25906487197078665
2025-10-01,2026-01-01,KPI_INC,28.990873157359168,ridge_lag,29.50189190434349,0.5110187469843233,0.2611401597694278
2025-10-01,2026-02-01,KPI_INC,28.444131390823834,ridge_lag,30.98011972987938,2.535988339055546,6.4312368558257065
2025-10-01,2026-03-01,KPI_INC,28.757831972565675,ridge_lag,30.92368019263183,2.165848220066156,4.690898512363736
2025-10-01,2026-04-01,KPI_INC,29.86110641434755,ridge_lag,31.25437543929707,1.3932690249495217,1.9411985758837909
2025-10-01,2025-11-01,KPI_STP,78.98056411981715,ridge_lag,79.29373227898978,0.3131681591726334,0.09807429591957585
2025-10-01,2025-12-01,KPI_STP,79.26159471220153,ridge_lag,79.45723808477274,0.19564337257121167,0.03827632923103794
2025-10-01,2026-01-01,KPI_STP,79.7543355778404,ridge_lag,80.2213302750666,0.46699469722621245,0.21808404723740185
2025-10-01,2026-02-01,KPI_STP,80.25526742273871,ridge_lag,79.70742888587357,0.547838536865143,0.3001270624745407
2025-10-01,2026-03-01,KPI_STP,80.54047966154093,ridge_lag,81.70742888587357,1.1669492243326403,1.3617704921705507
2025-10-01,2026-04-01,KPI_STP,80.55818891305209,ridge_lag,82.92034061725916,2.362151704207065,5.579760673688342
2025-11-01,2025-12-01,KPI_E2E,2.267948782145837,ridge_lag,2.2670277150987834,0.0009210670470536364,8.483645051681056e-07
2025-11-01,2026-01-01,KPI_E2E,2.295343161789717,ridge_lag,2.291629489946694,0.003713671843023292,1.3791358557664012e-05
2025-11-01,2026-02-01,KPI_E2E,2.3314174622860295,ridge_lag,2.4607052554118827,0.12928779312585315,0.0167153334513534
2025-11-01,2026-03-01,KPI_E2E,2.3743516277498893,ridge_lag,2.460081023785816,0.08572939603592689,0.007349529344684797
2025-11-01,2026-04-01,KPI_E2E,2.4085965871693924,ridge_lag,2.484506376482626,0.07590978931323367,0.005762296113579524
2025-11-01,2026-05-01,KPI_E2E,2.411407449915129,ridge_lag,2.40578998565398,0.005617464261148619,3.1555904725282e-05
2025-11-01,2025-12-01,KPI_INC,30.67306910362211,ridge_lag,30.81631769390537,0.14324859028325676,0.020520158618140362
2025-11-01,2026-01-01,KPI_INC,29.412272792305952,ridge_lag,29.50189190434349,0.08961911203753914,0.008031585242396992
2025-11-01,2026-02-01,KPI_INC,28.854419687398025,ridge_lag,30.98011972987938,2.1257000424813555,4.518600670605236
2025-11-01,2026-03-01,KPI_INC,29.113059339842973,ridge_lag,30.92368019263183,1.8106208527888583,3.2783478725538524
2025-11-01,2026-04-01,KPI_INC,30.13568929010155,ridge_lag,31.25437543929707,1.118686149195522,1.2514587004019058
2025-11-01,2026-05-01,KPI_INC,31.65193754203154,ridge_lag,31.74955352190293,0.0976159798713887,0.009528879526251364
2025-11-01,2025-12-01,KPI_STP,79.69002017518987,ridge_lag,79.45723808477274,0.23278209041713183,0.054187501618969736
2025-11-01,2026-01-01,KPI_STP,80.20004967604955,ridge_lag,80.2213302750666,0.02128059901706081,0.00045286389452492946
2025-11-01,2026-02-01,KPI_STP,80.68520702965812,ridge_lag,79.70742888587357,0.9777781437845476,0.9560500984627555
2025-11-01,2026-03-01,KPI_STP,80.94169211482178,ridge_lag,81.70742888587357,0.7657367710517917,0.5863528025408241
2025-11-01,2026-04-01,KPI_STP,80.92203924878025,ridge_lag,82.92034061725916,1.9983013684789057,3.9932083592646674
2025-11-01,2026-05-01,KPI_STP,80.55376348987818,ridge_lag,84.20873858845562,3.654975098577438,13.358842971221152
2025-12-01,2026-01-01,KPI_E2E,2.2928620596101283,ridge_lag,2.291629489946694,0.0012325696634345462,1.5192279752191504e-06
2025-12-01,2026-02-01,KPI_E2E,2.329359022104846,ridge_lag,2.4607052554118827,0.13134623330703654,0.017251833003946476
2025-12-01,2026-03-01,KPI_E2E,2.372967440210346,ridge_lag,2.460081023785816,0.08711358357547017,0.007588776443360426
2025-12-01,2026-04-01,KPI_E2E,2.4078878491437394,ridge_lag,2.484506376482626,0.07661852733888663,0.0058703987315797184
2025-12-01,2026-05-01,KPI_E2E,2.4113524147831513,ridge_lag,2.40578998565398,0.005562429129171154,3.094061781705176e-05
2025-12-01,2026-06-01,KPI_E2E,2.3968318337623056,ridge_lag,2.308932429673607,0.08789940408869867,0.007726305239148338
2025-12-01,2026-01-01,KPI_INC,29.61263968612749,ridge_lag,29.50189190434349,0.11074778178399924,0.012265071170076315
2025-12-01,2026-02-01,KPI_INC,29.07883592261842,ridge_lag,30.98011972987938,1.9012838072609597,3.61488011575273
2025-12-01,2026-03-01,KPI_INC,29.324901268631503,ridge_lag,30.92368019263183,1.598778924000328,2.5560940478276466
2025-12-01,2026-04-01,KPI_INC,30.31347471239729,ridge_lag,31.25437543929707,0.9409007268997804,0.8852941778805352
2025-12-01,2026-05-01,KPI_INC,31.785248444524086,ridge_lag,31.74955352190293,0.03569492262115759,0.0012741275009304277
2025-12-01,2026-06-01,KPI_INC,33.354778434094825,ridge_lag,32.00385600816921,1.3509224259256172,1.8249914008687547
2025-12-01,2026-01-01,KPI_STP,79.90727836992446,ridge_lag,80.2213302750666,0.31405190514215064,0.09862859912341439
2025-12-01,2026-02-01,KPI_STP,80.39214899421593,ridge_lag,79.70742888587357,0.6847201083423613,0.468841626768375
2025-12-01,2026-03-01,KPI_STP,80.65419751597933,ridge_lag,81.70742888587357,1.0532313698942346,1.1092963185292861
2025-12-01,2026-04-01,KPI_STP,80.64042750540517,ridge_lag,82.92034061725916,2.279913111853986,5.198003797603727
2025-12-01,2026-05-01,KPI_STP,80.27858254766613,ridge_lag,84.20873858845562,3.930156040789484,15.446126504954073
2025-12-01,2026-06-01,KPI_STP,79.57122865555841,ridge_lag,84.30270312257608,4.731474467017662,22.386850632040073
2026-01-01,2026-02-01,KPI_E2E,2.3288575358048624,ridge_lag,2.4607052554118827,0.13184771960702024,0.01738382116557143
2026-01-01,2026-03-01,KPI_E2E,2.3724414674427483,ridge_lag,2.460081023785816,0.08763955634306786,0.007680691836009766
2026-01-01,2026-04-01,KPI_E2E,2.4073461288976428,ridge_lag,2.484506376482626,0.0771602475849833,0.005953703807375921
2026-01-01,2026-05-01,KPI_E2E,2.410989549093575,ridge_lag,2.40578998565398,0.005199563439594712,2.7035459962369995e-05
2026-01-01,2026-06-01,KPI_E2E,2.3965410212516174,ridge_lag,2.308932429673607,0.08760859157801049,0.00767526531828265
2026-01-01,2026-07-01,KPI_E2E,2.3400762258364973,ridge_lag,2.220828744352057,0.11924748148444042,0.014219961840381962
2026-01-01,2026-02-01,KPI_INC,28.926299993516402,ridge_lag,30.98011972987938,2.0538197363629784,4.2181755094740945
2026-01-01,2026-03-01,KPI_INC,29.153950980206208,ridge_lag,30.92368019263183,1.7697292124256236,3.131941485312618
2026-01-01,2026-04-01,KPI_INC,30.150390540587395,ridge_lag,31.25437543929707,1.103984898709676,1.2187826565790139
2026-01-01,2026-05-01,KPI_INC,31.64731484032297,ridge_lag,31.74955352190293,0.10223868157995852,0.01045274801120815
2026-01-01,2026-06-01,KPI_INC,33.251881133596825,ridge_lag,32.00385600816921,1.248025125427617,1.5575667136986189
2026-01-01,2026-07-01,KPI_INC,34.40646256829302,ridge_lag,31.664198098877147,2.7422644694158755,7.5200144202207335
2026-01-01,2026-02-01,KPI_STP,80.82909882471006,ridge_lag,79.70742888587357,1.1216699388364901,1.2581434516894554
2026-01-01,2026-03-01,KPI_STP,81.11002923425703,ridge_lag,81.70742888587357,0.5973996516165414,0.356886343751565
2026-01-01,2026-04-01,KPI_STP,81.0713661665249,ridge_lag,82.92034061725916,1.8489744507342607,3.4187065194680613
2026-01-01,2026-05-01,KPI_STP,80.65555608937738,ridge_lag,84.20873858845562,3.5531824990782326,12.625105871755835
2026-01-01,2026-06-01,KPI_STP,79.87764217182593,ridge_lag,84.30270312257608,4.425060950750151,19.581164417853827
2026-01-01,2026-07-01,KPI_STP,79.0130632621603,ridge_lag,84.98322643529966,5.970163173139355,35.64284831390937
2026-02-01,2026-03-01,KPI_E2E,2.4207123884201383,ridge_lag,2.460081023785816,0.03936863536567792,0.001549889450555706
2026-02-01,2026-04-01,KPI_E2E,2.4593036544412854,ridge_lag,2.484506376482626,0.025202722041340664,0.0006351771982930785
2026-02-01,2026-05-01,KPI_E2E,2.466514067955089,ridge_lag,2.40578998565398,0.06072408230110904,0.003687414171311864
2026-02-01,2026-06-01,KPI_E2E,2.4341069127884225,ridge_lag,2.308932429673607,0.1251744831148156,0.015668651223061256
2026-02-01,2026-07-01,KPI_E2E,2.3718556829527158,ridge_lag,2.220828744352057,0.15102693860065886,0.02280913618308718
2026-02-01,2026-08-01,KPI_E2E,2.3142827474435794,ridge_lag,2.119745770552456,0.19453697689112337,0.03784463537793747
2026-02-01,2026-03-01,KPI_INC,31.93670928246776,ridge_lag,30.92368019263183,1.0130290898359284,1.0262279368538096
2026-02-01,2026-04-01,KPI_INC,33.27090337539012,ridge_lag,31.25437543929707,2.0165279360930484,4.066384917043689
2026-02-01,2026-05-01,KPI_INC,34.62417347127381,ridge_lag,31.74955352190293,2.874619949370878,8.263439853321028
2026-02-01,2026-06-01,KPI_INC,35.76090613106459,ridge_lag,32.00385600816921,3.7570501228953788,14.11542562594818
2026-02-01,2026-07-01,KPI_INC,36.27535481964362,ridge_lag,31.664198098877147,4.61115672076647,21.262766303469785
2026-02-01,2026-08-01,KPI_INC,36.162279208715816,ridge_lag,31.31402878697016,4.848250421745657,23.505532151956942
2026-02-01,2026-03-01,KPI_STP,79.6458829403733,ridge_lag,81.70742888587357,2.0615459455002707,4.249971685408605
2026-02-01,2026-04-01,KPI_STP,79.56126709021201,ridge_lag,82.92034061725916,3.359073527047144,11.28337496010894
2026-02-01,2026-05-01,KPI_STP,79.20266247661645,ridge_lag,84.20873858845562,5.006076111839164,25.06079803752672
2026-02-01,2026-06-01,KPI_STP,78.52387024675394,ridge_lag,84.30270312257608,5.778832875822133,33.3949094066827
2026-02-01,2026-07-01,KPI_STP,77.78841474165445,ridge_lag,84.98322643529966,7.194811693645207,51.76531530701381
2026-02-01,2026-08-01,KPI_STP,77.19043114962476,ridge_lag,85.4463610061628,8.255929856538046,68.16037779607632
2026-03-01,2026-04-01,KPI_E2E,2.47627316303863,ridge_lag,2.484506376482626,0.008233213443995968,6.778580361439595e-05
2026-03-01,2026-05-01,KPI_E2E,2.4843694217556203,ridge_lag,2.40578998565398,0.07857943610164009,0.006174727778051737
2026-03-01,2026-06-01,KPI_E2E,2.4528260254786085,ridge_lag,2.308932429673607,0.1438935958050016,0.020705366913693176
2026-03-01,2026-07-01,KPI_E2E,2.3844866185287583,ridge_lag,2.220828744352057,0.1636578741767014,0.02678389978003703
2026-03-01,2026-08-01,KPI_E2E,2.3240766476072405,ridge_lag,2.119745770552456,0.20433087705478448,0.04175110731797745
2026-03-01,2026-09-01,KPI_E2E,2.2623453864519005,ridge_lag,2.076377850555941,0.18596753589595938,0.03458392440721494
2026-03-01,2026-04-01,KPI_INC,32.00299933232348,ridge_lag,31.25437543929707,0.7486238930264122,0.560437733210021
2026-03-01,2026-05-01,KPI_INC,33.21386588394923,ridge_lag,31.74955352190293,1.4643123620463037,2.144210693641625
2026-03-01,2026-06-01,KPI_INC,34.458238053652195,ridge_lag,32.00385600816921,2.454382045482987,6.023991225189251
2026-03-01,2026-07-01,KPI_INC,35.187986060933724,ridge_lag,31.664198098877147,3.523787962056577,12.417081601534845
2026-03-01,2026-08-01,KPI_INC,35.35185829479987,ridge_lag,31.31402878697016,4.037829507829709,16.30406713430031
2026-03-01,2026-09-01,KPI_INC,34.70831906734615,ridge_lag,29.72008520245833,4.988233864887825,24.882477090813722
2026-03-01,2026-04-01,KPI_STP,82.12276799725359,ridge_lag,82.92034061725916,0.7975726200055675,0.6361220841825453
2026-03-01,2026-05-01,KPI_STP,81.86055601224524,ridge_lag,84.20873858845562,2.3481825762103767,5.513961411218002
2026-03-01,2026-06-01,KPI_STP,81.11538645863708,ridge_lag,84.30270312257608,3.1873166639390007,10.15898751622324
2026-03-01,2026-07-01,KPI_STP,80.21894886195112,ridge_lag,84.98322643529966,4.7642775733485365,22.698340795911818
2026-03-01,2026-08-01,KPI_STP,79.37447334271836,ridge_lag,85.4463610061628,6.071887663444443,36.86781979748881
2026-03-01,2026-09-01,KPI_STP,78.8029659955387,ridge_lag,85.82851502542199,7.025549029883294,49.35833917129409
2026-04-01,2026-05-01,KPI_E2E,2.4889973567921477,ridge_lag,2.40578998565398,0.08320737113816756,0.006923466611724761
2026-04-01,2026-06-01,KPI_E2E,2.4576468668937883,ridge_lag,2.308932429673607,0.1487144372201814,0.022115983837715278
2026-04-01,2026-07-01,KPI_E2E,2.389006937806184,ridge_lag,2.220828744352057,0.1681781934541271,0.0282839047534938
2026-04-01,2026-08-01,KPI_E2E,2.3269475386748377,ridge_lag,2.119745770552456,0.20720176812238167,0.04293257271304122
2026-04-01,2026-09-01,KPI_E2E,2.2644599807146637,ridge_lag,2.076377850555941,0.18808213015872255,0.03537488768504265
2026-04-01,2026-10-01,KPI_E2E,2.226389077264332,ridge_lag,2.0497462356110336,0.17664284165329835,0.031202693507352237
2026-04-01,2026-05-01,KPI_INC,32.2866924456096,ridge_lag,31.74955352190293,0.5371389237066744,0.28851822336076455
2026-04-01,2026-06-01,KPI_INC,33.48567557061405,ridge_lag,32.00385600816921,1.4818195624448407,2.1957892156442194
2026-04-01,2026-07-01,KPI_INC,34.3308037321794,ridge_lag,31.664198098877147,2.6666056333022503,7.110785603559296
2026-04-01,2026-08-01,KPI_INC,34.65074445886419,ridge_lag,31.31402878697016,3.33671567189403,11.13367147506323
2026-04-01,2026-09-01,KPI_INC,34.2014336389082,ridge_lag,29.72008520245833,4.481348436449871,20.0824838088717
2026-04-01,2026-10-01,KPI_INC,33.08087131425846,ridge_lag,27.037091396386,6.04377991787246,36.52727569567843
2026-04-01,2026-05-01,KPI_STP,82.85604797227792,ridge_lag,84.20873858845562,1.3526906161776964,1.8297719030951958
2026-04-01,2026-06-01,KPI_STP,82.12770381737803,ridge_lag,84.30270312257608,2.1749993051980425,4.730621977611968
2026-04-01,2026-07-01,KPI_STP,81.181740634114,ridge_lag,84.98322643529966,3.801485801185649,14.451294296616096
2026-04-01,2026-08-01,KPI_STP,80.2517158013816,ridge_lag,85.4463610061628,5.19464520478121,26.984338803556422
2026-04-01,2026-09-01,KPI_STP,79.58159900482693,ridge_lag,85.82851502542199,6.246916020595066,39.02395976836729
2026-04-01,2026-10-01,KPI_STP,79.30631204384265,ridge_lag,84.4619629050842,5.155650861241554,26.58073580302078
2026-05-01,2026-06-01,KPI_E2E,2.430734842274749,ridge_lag,2.308932429673607,0.12180241260114189,0.014835827715458808
2026-05-01,2026-07-01,KPI_E2E,2.358883544851601,ridge_lag,2.220828744352057,0.13805480049954388,0.01905912794096886
2026-05-01,2026-08-01,KPI_E2E,2.2936160344666527,ridge_lag,2.119745770552456,0.1738702639141967,0.03023086867359241
2026-05-01,2026-09-01,KPI_E2E,2.241304066537831,ridge_lag,2.076377850555941,0.16492621598189006,0.027200656718105048
2026-05-01,2026-10-01,KPI_E2E,2.2059697252243025,ridge_lag,2.0497462356110336,0.15622348961326882,0.02440577870694711
2026-05-01,2026-11-01,KPI_E2E,2.1908729706661387,ridge_lag,2.0464709788170805,0.14440199184905822,0.020851935249975476
2026-05-01,2026-06-01,KPI_INC,32.8050042353041,ridge_lag,32.00385600816921,0.8011482271348882,0.6418384818413744
2026-05-01,2026-07-01,KPI_INC,33.608885351894735,ridge_lag,31.664198098877147,1.9446872530175874,3.78180851204909
2026-05-01,2026-08-01,KPI_INC,33.984492713646716,ridge_lag,31.31402878697016,2.6704639266765575,7.131377583680778
2026-05-01,2026-09-01,KPI_INC,33.651355335077916,ridge_lag,29.72008520245833,3.931270132619588,15.454884855626831
2026-05-01,2026-10-01,KPI_INC,32.6890986661928,ridge_lag,27.037091396386,5.6520072698067985,31.9451861779489
2026-05-01,2026-11-01,KPI_INC,31.32432195053385,ridge_lag,25.36812628077178,5.956195669762071,35.476266856492444
2026-05-01,2026-06-01,KPI_STP,83.98643762481984,ridge_lag,84.30270312257608,0.316265497756234,0.10002386507099847
2026-05-01,2026-07-01,KPI_STP,83.1864931934276,ridge_lag,84.98322643529966,1.7967332418720616,3.228250342448088
2026-05-01,2026-08-01,KPI_STP,82.12106837222379,ridge_lag,85.4463610061628,3.3252926339390143,11.057571101329067
2026-05-01,2026-09-01,KPI_STP,81.22021750987176,ridge_lag,85.82851502542199,4.608297515550234,21.23640599182646
2026-05-01,2026-10-01,KPI_STP,80.69802940640469,ridge_lag,84.4619629050842,3.7639334986795205,14.167195382481856
2026-05-01,2026-11-01,KPI_STP,80.68799702134497,ridge_lag,84.09436142183044,3.4063644004854723,11.60331842889475
2026-06-01,2026-07-01,KPI_E2E,2.31706113304524,ridge_lag,2.220828744352057,0.09623238869318307,0.009260672633595868
2026-06-01,2026-08-01,KPI_E2E,2.248774871019772,ridge_lag,2.119745770552456,0.12902910046731586,0.01664850876740469
2026-06-01,2026-09-01,KPI_E2E,2.191939136453131,ridge_lag,2.076377850555941,0.11556128589718995,0.013354410798212072
2026-06-01,2026-10-01,KPI_E2E,2.171920489096953,ridge_lag,2.0497462356110336,0.12217425348591915,0.014926548214841627
2026-06-01,2026-11-01,KPI_E2E,2.161147825979909,ridge_lag,2.0464709788170805,0.11467684716282855,0.013150779275206739
2026-06-01,2026-12-01,KPI_E2E,2.17708438309558,ridge_lag,2.2464709788170807,0.06938659572150074,0.004814499665818985
2026-06-01,2026-07-01,KPI_INC,32.566719643323786,ridge_lag,31.664198098877147,0.902521544446639,0.8145451381903466
2026-06-01,2026-08-01,KPI_INC,32.84000189435913,ridge_lag,31.31402878697016,1.5259731073889746,2.328593924474363
2026-06-01,2026-09-01,KPI_INC,32.593463862134655,ridge_lag,29.72008520245833,2.8733786596763267,8.256304921883324
2026-06-01,2026-10-01,KPI_INC,31.826254620352188,ridge_lag,27.037091396386,4.789163223966188,22.936084385790213
2026-06-01,2026-11-01,KPI_INC,30.716660192483037,ridge_lag,25.36812628077178,5.348533911711257,28.606815004725323
2026-06-01,2026-12-01,KPI_INC,29.56779453075938,ridge_lag,24.351172701900097,5.216621828859282,27.213143305331155
2026-06-01,2026-07-01,KPI_STP,83.60593777179807,ridge_lag,84.98322643529966,1.377288663501588,1.8969240626099904
2026-06-01,2026-08-01,KPI_STP,82.5841576977175,ridge_lag,85.4463610061628,2.8622033084453022,8.192207778875234
2026-06-01,2026-09-01,KPI_STP,81.69083632334585,ridge_lag,85.82851502542199,4.137678702076144,17.120385041614526
2026-06-01,2026-10-01,KPI_STP,81.15933424181306,ridge_lag,84.4619629050842,3.3026286632711503,10.907356087460185
2026-06-01,2026-11-01,KPI_STP,81.12659979279843,ridge_lag,84.09436142183044,2.9677616290320117,8.80760908675474
2026-06-01,2026-12-01,KPI_STP,81.52703229602162,ridge_lag,84.01068115674987,2.483648860728252,6.168511663396743
2026-07-01,2026-08-01,KPI_E2E,2.216054297435614,ridge_lag,2.119745770552456,0.09630852688315805,0.009275332350403977
2026-07-01,2026-09-01,KPI_E2E,2.1562912533160694,ridge_lag,2.076377850555941,0.07991340276012826,0.006386151940702475
2026-07-01,2026-10-01,KPI_E2E,2.1329467918972895,ridge_lag,2.0497462356110336,0.08320055628625589,0.0069223325663424345
2026-07-01,2026-11-01,KPI_E2E,2.1341208272800265,ridge_lag,2.0464709788170805,0.08764984846294599,0.007682495935577395
2026-07-01,2026-12-01,KPI_E2E,2.1536118451363664,ridge_lag,2.2464709788170807,0.0928591336807143,0.008622818707932769
2026-07-01,2027-01-01,KPI_E2E,2.1978845148029946,ridge_lag,2.446470978817081,0.24858646401408624,0.061795230091026596
2026-07-01,2026-08-01,KPI_INC,31.653353250204052,ridge_lag,31.31402878697016,0.3393244632338934,0.1151410913489699
2026-07-01,2026-09-01,KPI_INC,31.27636318456775,ridge_lag,29.72008520245833,1.556277982109421,2.4220011575985714
2026-07-01,2026-10-01,KPI_INC,30.58853391949107,ridge_lag,27.037091396386,3.55144252310507,12.612743994918906
2026-07-01,2026-11-01,KPI_INC,29.682950720366446,ridge_lag,25.36812628077178,4.314824439594666,18.617709944523426
2026-07-01,2026-12-01,KPI_INC,28.819772198257077,ridge_lag,24.351172701900097,4.46859949635698,19.968381458841854
2026-07-01,2027-01-01,KPI_INC,28.23236642492787,ridge_lag,24.743551825473396,3.488814599454475,12.171827309366689
2026-07-01,2026-08-01,KPI_STP,84.45178979017508,ridge_lag,85.4463610061628,0.9945712159877189,0.9891719036712898
2026-07-01,2026-09-01,KPI_STP,83.83123203831403,ridge_lag,85.82851502542199,1.9972829871079654,3.989139330590917
2026-07-01,2026-10-01,KPI_STP,83.36441746045621,ridge_lag,84.4619629050842,1.0975454446279969,1.2046060030236674
2026-07-01,2026-11-01,KPI_STP,83.26905192048774,ridge_lag,84.09436142183044,0.8253095013427014,0.6811357730065385
2026-07-01,2026-12-01,KPI_STP,83.52750756813754,ridge_lag,84.01068115674987,0.4831735886123312,0.23345671673251825
2026-07-01,2027-01-01,KPI_STP,84.08595684814132,ridge_lag,84.18881324473914,0.10285639659781509,0.010579438321087029
2026-08-01,2026-09-01,KPI_E2E,2.1185755062228706,ridge_lag,2.076377850555941,0.04219765566692946,0.0017806421437847437
2026-08-01,2026-10-01,KPI_E2E,2.092693834964503,ridge_lag,2.0497462356110336,0.04294759935346937,0.0018444962902261224
2026-08-01,2026-11-01,KPI_E2E,2.092110360126324,ridge_lag,2.0464709788170805,0.045639381309243277,0.0020829531262905043
2026-08-01,2026-12-01,KPI_E2E,2.1248990697275305,ridge_lag,2.2464709788170807,0.12157190908955018,0.014779729079677853
2026-08-01,2027-01-01,KPI_E2E,2.1743027021740473,ridge_lag,2.446470978817081,0.27216827664303356,0.07407557081083885
2026-08-01,2027-02-01,KPI_E2E,2.240159592711729,ridge_lag,2.6321958491316697,0.3920362564199409,0.15369242634776165
2026-08-01,2026-09-01,KPI_INC,30.66121963551723,ridge_lag,29.72008520245833,0.9411344330589024,0.8857340210891017
2026-08-01,2026-10-01,KPI_INC,29.773817456867874,ridge_lag,27.037091396386,2.7367260604818746,7.489669530120641
2026-08-01,2026-11-01,KPI_INC,28.813897190319185,ridge_lag,25.36812628077178,3.445770909547406,11.873337161083157
2026-08-01,2026-12-01,KPI_INC,28.028260169412917,ridge_lag,24.351172701900097,3.67708746751282,13.520972243739843
2026-08-01,2027-01-01,KPI_INC,27.611142352195547,ridge_lag,24.743551825473396,2.86759052672215,8.223075428946618
2026-08-01,2027-02-01,KPI_INC,27.840930904693806,ridge_lag,26.087222642908824,1.7537082617849826,3.075492667452905
2026-08-01,2026-09-01,KPI_STP,85.35974651114124,ridge_lag,85.82851502542199,0.46876851428075383,0.2197439199809853
2026-08-01,2026-10-01,KPI_STP,85.23727449081395,ridge_lag,84.4619629050842,0.7753115857297388,0.6011080549667621
2026-08-01,2026-11-01,KPI_STP,85.24866371021461,ridge_lag,84.09436142183044,1.154302288384173,1.3324137729689383
2026-08-01,2026-12-01,KPI_STP,85.4332732815984,ridge_lag,84.01068115674987,1.422592124848535,2.0237683536810698
2026-08-01,2027-01-01,KPI_STP,85.7749085222631,ridge_lag,84.18881324473914,1.5860952775239667,2.5156982293838293
2026-08-01,2027-02-01,KPI_STP,86.14426123202252,ridge_lag,85.22422983842863,0.920031393593888,0.8464577651983116
2026-09-01,2026-10-01,KPI_E2E,2.072376317517204,ridge_lag,2.0497462356110336,0.02263008190617022,0.0005121206070799727
2026-09-01,2026-11-01,KPI_E2E,2.071369144528338,ridge_lag,2.0464709788170805,0.02489816571125747,0.0006199186557852372
2026-09-01,2026-12-01,KPI_E2E,2.1044524697973905,ridge_lag,2.2464709788170807,0.14201850901969015,0.020169256904175814
2026-09-01,2027-01-01,KPI_E2E,2.160574941398605,ridge_lag,2.446470978817081,0.285896037418476,0.08173654421158665
2026-09-01,2027-02-01,KPI_E2E,2.2294582417703905,ridge_lag,2.6321958491316697,0.40273760736127917,0.16219758038308787
2026-09-01,2027-03-01,KPI_E2E,2.280099247488209,ridge_lag,2.657795912750402,0.37769666526219314,0.14265477095018117
2026-09-01,2026-10-01,KPI_INC,28.427126061257052,ridge_lag,27.037091396386,1.3900346648710524,1.932196369543179
2026-09-01,2026-11-01,KPI_INC,27.175629352685828,ridge_lag,25.36812628077178,1.8075030719140486,3.2670673549787224
2026-09-01,2026-12-01,KPI_INC,26.351641355859748,ridge_lag,24.351172701900097,2.0004686539596506,4.001874835475136
2026-09-01,2027-01-01,KPI_INC,26.08559947519183,ridge_lag,24.743551825473396,1.3420476497184346,1.8010918941147742
2026-09-01,2027-02-01,KPI_INC,26.611784246888,ridge_lag,26.087222642908824,0.5245616039791763,0.27516487636920617
2026-09-01,2027-03-01,KPI_INC,27.691836111198604,ridge_lag,26.96924455147464,0.7225915597239627,0.5221385621843092
2026-09-01,2026-10-01,KPI_STP,85.91543537033657,ridge_lag,84.4619629050842,1.4534724652523607,2.112582207246775
2026-09-01,2026-11-01,KPI_STP,86.06989560483218,ridge_lag,84.09436142183044,1.9755341830017414,3.9027353082083582
2026-09-01,2026-12-01,KPI_STP,86.34026393819025,ridge_lag,84.01068115674987,2.3295827814403793,5.426955935583494
2026-09-01,2027-01-01,KPI_STP,86.72193057422125,ridge_lag,84.18881324473914,2.53311732948211,6.416683404922576
2026-09-01,2027-02-01,KPI_STP,87.09546134662355,ridge_lag,85.22422983842863,1.8712315081949242,3.501507357261451
2026-09-01,2027-03-01,KPI_STP,87.3949984772068,ridge_lag,86.16156116497956,1.2334373122272382,1.5213676031943535
2026-10-01,2026-11-01,KPI_E2E,2.0576619488664765,ridge_lag,2.0464709788170805,0.011190970049395954,0.0001252378106464773
2026-10-01,2026-12-01,KPI_E2E,2.091086263859344,ridge_lag,2.2464709788170807,0.15538471495773676,0.024144409642497103
2026-10-01,2027-01-01,KPI_E2E,2.1481485247565146,ridge_lag,2.446470978817081,0.29832245406056623,0.08899628659671865
2026-10-01,2027-02-01,KPI_E2E,2.2211116091714893,ridge_lag,2.6321958491316697,0.4110842399601804,0.16899025234363918
2026-10-01,2027-03-01,KPI_E2E,2.2742871245857548,ridge_lag,2.657795912750402,0.3835087881646473,0.14707899059951632
2026-10-01,2027-04-01,KPI_E2E,2.3028411220893537,ridge_lag,2.636581507757476,0.3337403856681225,0.11138264502590713
2026-10-01,2026-11-01,KPI_INC,25.20077899854765,ridge_lag,25.36812628077178,0.16734728222412798,0.02800511286780194
2026-10-01,2026-12-01,KPI_INC,24.020694204509255,ridge_lag,24.351172701900097,0.33047849739084256,0.10921603723770913
2026-10-01,2027-01-01,KPI_INC,23.664255929247386,ridge_lag,24.743551825473396,1.0792958962260109,1.164879631610308
2026-10-01,2027-02-01,KPI_INC,24.273734844000792,ridge_lag,26.087222642908824,1.8134877989080316,3.288737996788297
2026-10-01,2027-03-01,KPI_INC,25.60812193129423,ridge_lag,26.96924455147464,1.36112262018041,1.8526547871667849
2026-10-01,2027-04-01,KPI_INC,27.301878124775204,ridge_lag,27.809554376566098,0.5076762517908939,0.25773517663245116
2026-10-01,2026-11-01,KPI_STP,83.93986576490342,ridge_lag,84.09436142183044,0.1544956569270255,0.02386890800931316
2026-10-01,2026-12-01,KPI_STP,83.74278363013629,ridge_lag,84.01068115674987,0.2678975266135808,0.07176908476567423
2026-10-01,2027-01-01,KPI_STP,83.90768171479009,ridge_lag,84.18881324473914,0.2811315299490502,0.07903493713149372
2026-10-01,2027-02-01,KPI_STP,84.24751453300604,ridge_lag,85.22422983842863,0.9767153054225872,0.9539727878467379
2026-10-01,2027-03-01,KPI_STP,84.67409046133626,ridge_lag,86.16156116497956,1.4874707036432966,2.2125690941970837
2026-10-01,2027-04-01,KPI_STP,84.98059473549071,ridge_lag,86.40551556640125,1.424920830910537,2.030399374362775
2026-11-01,2026-12-01,KPI_E2E,2.086775406503959,ridge_lag,2.2464709788170807,0.15969557231312148,0.025502675816415413
2026-11-01,2027-01-01,KPI_E2E,2.143513691743925,ridge_lag,2.446470978817081,0.30295728707315606,0.09178311779072669
2026-11-01,2027-02-01,KPI_E2E,2.21614180275303,ridge_lag,2.6321958491316697,0.4160540463786395,0.17310096950803913
2026-11-01,2027-03-01,KPI_E2E,2.270831157081883,ridge_lag,2.657795912750402,0.3869647556685192,0.14974172212959674
2026-11-01,2027-04-01,KPI_E2E,2.2999069453582273,ridge_lag,2.636581507757476,0.33667456239924887,0.11334976096672572
2026-11-01,2027-05-01,KPI_E2E,2.2862479136853824,ridge_lag,2.5323716984999174,0.246123784814535,0.06057691745143153
2026-11-01,2026-12-01,KPI_INC,24.222273381605365,ridge_lag,24.351172701900097,0.12889932029473172,0.01661503477244384
2026-11-01,2027-01-01,KPI_INC,23.861992041649696,ridge_lag,24.743551825473396,0.8815597838237004,0.7771476524552894
2026-11-01,2027-02-01,KPI_INC,24.412806377697727,ridge_lag,26.087222642908824,1.6744162652110965,2.803669829203477
2026-11-01,2027-03-01,KPI_INC,25.6663113330179,ridge_lag,26.96924455147464,1.3029332184567401,1.6976349717580395
2026-11-01,2027-04-01,KPI_INC,27.276162997880142,ridge_lag,27.809554376566098,0.5333913786859554,0.2845063628565043
2026-11-01,2027-05-01,KPI_INC,28.843481813169753,ridge_lag,28.477366844973545,0.36611496819620726,0.13404016993730986
2026-11-01,2026-12-01,KPI_STP,83.9409790268371,ridge_lag,84.01068115674987,0.0697021299127698,0.00485838691437664
2026-11-01,2027-01-01,KPI_STP,84.18493646429603,ridge_lag,84.18881324473914,0.0038767804431074637,1.5029426604060503e-05
2026-11-01,2027-02-01,KPI_STP,84.67582655984462,ridge_lag,85.22422983842863,0.5484032785840043,0.300746155961685
2026-11-01,2027-03-01,KPI_STP,85.2856533598796,ridge_lag,86.16156116497956,0.8759078050999562,0.7672144830350229
2026-11-01,2027-04-01,KPI_STP,85.74946565413136,ridge_lag,86.40551556640125,0.6560499122698928,0.4304014873893341
2026-11-01,2027-05-01,KPI_STP,85.95572967342363,ridge_lag,87.18191534308441,1.2261856696607794,1.503531296481454
2026-12-01,2027-01-01,KPI_E2E,2.2070767223526127,ridge_lag,2.446470978817081,0.2393942564644682,0.057309610028175584
2026-12-01,2027-02-01,KPI_E2E,2.285610555270207,ridge_lag,2.6321958491316697,0.34658529386146286,0.12012136592103656
2026-12-01,2027-03-01,KPI_E2E,2.3432154557372535,ridge_lag,2.657795912750402,0.3145804570131485,0.09896086393460138
2026-12-01,2027-04-01,KPI_E2E,2.3504288843255625,ridge_lag,2.636581507757476,0.2861526234319136,0.08188332389696655
2026-12-01,2027-05-01,KPI_E2E,2.328218510132888,ridge_lag,2.5323716984999174,0.20415318836702934,0.041678524320423765
2026-12-01,2027-06-01,KPI_E2E,2.2898200216231896,ridge_lag,2.4042887851889385,0.11446876356574887,0.013103097832271315
2026-12-01,2027-01-01,KPI_INC,24.009957744525995,ridge_lag,24.743551825473396,0.7335940809474017,0.538160275601063
2026-12-01,2027-02-01,KPI_INC,24.52191596975784,ridge_lag,26.087222642908824,1.5653066731509853,2.4501849810110055
2026-12-01,2027-03-01,KPI_INC,25.686792038624315,ridge_lag,26.96924455147464,1.2824525128503268,1.6446844477161175
2026-12-01,2027-04-01,KPI_INC,27.19930408836448,ridge_lag,27.809554376566098,0.6102502882016161,0.3724054142501555
2026-12-01,2027-05-01,KPI_INC,28.6820818093496,ridge_lag,28.477366844973545,0.20471496437605552,0.04190821663948968
2026-12-01,2027-06-01,KPI_INC,29.757447816939017,ridge_lag,29.101866342876534,0.6555814740624832,0.4297870691339384
2026-12-01,2027-01-01,KPI_STP,84.271111778355,ridge_lag,84.18881324473914,0.08229853361586947,0.006773048635322397
2026-12-01,2027-02-01,KPI_STP,84.78338840958226,ridge_lag,85.22422983842863,0.4408414288463689,0.19434116538730814
2026-12-01,2027-03-01,KPI_STP,85.41558462231399,ridge_lag,86.16156116497956,0.7459765426655736,0.5564810022072822
2026-12-01,2027-04-01,KPI_STP,85.90313849911394,ridge_lag,86.40551556640125,0.5023770672873127,0.2523827177362011
2026-12-01,2027-05-01,KPI_STP,86.12906693140485,ridge_lag,87.18191534308441,1.0528484116795624,1.1084897779761773
2026-12-01,2027-06-01,KPI_STP,86.01931032816323,ridge_lag,87.33464831487463,1.3153379867113983,1.7301140192859947
2027-01-01,2027-02-01,KPI_E2E,2.3828869677701268,ridge_lag,2.6321958491316697,0.24930888136154294,0.062154918325743894
2027-01-01,2027-03-01,KPI_E2E,2.447342314798005,ridge_lag,2.657795912750402,0.21045359795239715,0.04429071689110922
2027-01-01,2027-04-01,KPI_E2E,2.460499596350676,ridge_lag,2.636581507757476,0.17608191140680018,0.03100483952467223
2027-01-01,2027-05-01,KPI_E2E,2.4049841108890813,ridge_lag,2.5323716984999174,0.12738758761083613,0.01622759747730845
2027-01-01,2027-06-01,KPI_E2E,2.3520407796371643,ridge_lag,2.4042887851889385,0.052248005551774224,0.00272985408413823
2027-01-01,2027-07-01,KPI_E2E,2.282120337072798,ridge_lag,2.350529120148576,0.0684087830757778,0.004679761601908823
2027-01-01,2027-02-01,KPI_INC,25.58164122741866,ridge_lag,26.087222642908824,0.5055814154901626,0.2556125676890364
2027-01-01,2027-03-01,KPI_INC,27.020689580785742,ridge_lag,26.96924455147464,0.0514450293111004,0.002646591040819979
2027-01-01,2027-04-01,KPI_INC,28.671139515699103,ridge_lag,27.809554376566098,0.8615851391330054,0.7423289519748403
2027-01-01,2027-05-01,KPI_INC,30.192358489011507,ridge_lag,28.477366844973545,1.714991644037962,2.9411963391200318
2027-01-01,2027-06-01,KPI_INC,31.21336675884716,ridge_lag,29.101866342876534,2.111500415970628,4.4584340066441355
2027-01-01,2027-07-01,KPI_INC,31.486384240931923,ridge_lag,29.247085567393217,2.2392986735387055,5.014458549312206
2027-01-01,2027-02-01,KPI_STP,84.66143930887836,ridge_lag,85.22422983842863,0.56279052955027,0.3167331801514733
2027-01-01,2027-03-01,KPI_STP,85.26242891207583,ridge_lag,86.16156116497956,0.8991322529037262,0.8084388082117303
2027-01-01,2027-04-01,KPI_STP,85.73474560214311,ridge_lag,86.40551556640125,0.6707699642581417,0.44993234495086876
2027-01-01,2027-05-01,KPI_STP,85.95810650921017,ridge_lag,87.18191534308441,1.2238088338742443,1.4977080618686378
2027-01-01,2027-06-01,KPI_STP,85.85561842151905,ridge_lag,87.33464831487463,1.4790298933555732,2.1875294254393984
2027-01-01,2027-07-01,KPI_STP,85.45774527330745,ridge_lag,87.30868125754291,1.8509359842354627,3.425964017737701
2027-02-01,2027-03-01,KPI_E2E,2.552686779506378,ridge_lag,2.657795912750402,0.10510913324402393,0.011047929891309977
2027-02-01,2027-04-01,KPI_E2E,2.5721275068834926,ridge_lag,2.636581507757476,0.06445400087398356,0.004154318228663474
2027-02-01,2027-05-01,KPI_E2E,2.521519342469234,ridge_lag,2.5323716984999174,0.010852356030683463,0.00011777363141671173
2027-02-01,2027-06-01,KPI_E2E,2.4318305233433475,ridge_lag,2.4042887851889385,0.027541738154408968,0.0007585473405660267
2027-02-01,2027-07-01,KPI_E2E,2.345242722458801,ridge_lag,2.350529120148576,0.005286397689774791,2.7946000534456248e-05
2027-02-01,2027-08-01,KPI_E2E,2.261433909427069,ridge_lag,2.264759297447469,0.003325388020400055,1.1058205486220197e-05
2027-02-01,2027-03-01,KPI_INC,27.768301936358625,ridge_lag,26.96924455147464,0.7990573848839837,0.6384927043376308
2027-02-01,2027-04-01,KPI_INC,29.61816318974049,ridge_lag,27.809554376566098,1.8086088131743914,3.2710658390920804
2027-02-01,2027-05-01,KPI_INC,31.230817784926593,ridge_lag,28.477366844973545,2.753450939953048,7.581492078728322
2027-02-01,2027-06-01,KPI_INC,32.25820180801391,ridge_lag,29.101866342876534,3.1563354651373743,9.962453568483966
2027-02-01,2027-07-01,KPI_INC,32.456859549751485,ridge_lag,29.247085567393217,3.209773982358268,10.302649017824054
2027-02-01,2027-08-01,KPI_INC,31.804506054950565,ridge_lag,28.35310222209069,3.4514038328598744,11.912188417479832
2027-02-01,2027-03-01,KPI_STP,86.08692192196503,ridge_lag,86.16156116497956,0.07463924301453062,0.005571016597782158
2027-02-01,2027-04-01,KPI_STP,86.73485330309703,ridge_lag,86.40551556640125,0.32933773669577704,0.10846334481189697
2027-02-01,2027-05-01,KPI_STP,87.02715376705534,ridge_lag,87.18191534308441,0.15476157602907392,0.023951145415002827
2027-02-01,2027-06-01,KPI_STP,86.91903071854765,ridge_lag,87.33464831487463,0.4156175963269817,0.1727379863766179
2027-02-01,2027-07-01,KPI_STP,86.44511207756445,ridge_lag,87.30868125754291,0.8635691799784695,0.7457517286086862
2027-02-01,2027-08-01,KPI_STP,85.77399357729989,ridge_lag,87.18894592600431,1.4149523487044178,2.002090149104148
2027-03-01,2027-04-01,KPI_E2E,2.617903962081902,ridge_lag,2.636581507757476,0.018677545675574336,0.0003488507124631656
2027-03-01,2027-05-01,KPI_E2E,2.5693492614198434,ridge_lag,2.5323716984999174,0.036977562919926044,0.0013673401594970895
2027-03-01,2027-06-01,KPI_E2E,2.480600622904641,ridge_lag,2.4042887851889385,0.0763118377157026,0.00582349657554773
2027-03-01,2027-07-01,KPI_E2E,2.3787657008916874,ridge_lag,2.350529120148576,0.028236580743111528,0.0007973044920622568
2027-03-01,2027-08-01,KPI_E2E,2.2881809867856444,ridge_lag,2.264759297447469,0.023421689338175344,0.0005485755314539966
2027-03-01,2027-09-01,KPI_E2E,2.221122966491362,ridge_lag,2.18183645143355,0.039286515057811666,0.0015434302653876627
2027-03-01,2027-04-01,KPI_INC,28.44781646868603,ridge_lag,27.809554376566098,0.638262092119934,0.40737849823731515
2027-03-01,2027-05-01,KPI_INC,29.785363831715397,ridge_lag,28.477366844973545,1.307996986741852,1.7108561173257644
2027-03-01,2027-06-01,KPI_INC,30.69496976137014,ridge_lag,29.101866342876534,1.5931034184936053,2.5379785020160113
2027-03-01,2027-07-01,KPI_INC,30.906670449323094,ridge_lag,29.247085567393217,1.6595848819298773,2.754221980330205
2027-03-01,2027-08-01,KPI_INC,30.377264006443426,ridge_lag,28.35310222209069,2.024161784352735,4.0972309292340485
2027-03-01,2027-09-01,KPI_INC,29.18464334403032,ridge_lag,27.348798455497928,1.8358448885323924,3.3703264547505123
2027-03-01,2027-04-01,KPI_STP,86.84495412118109,ridge_lag,86.40551556640125,0.43943855477984073,0.1931062434269951
2027-03-01,2027-05-01,KPI_STP,87.16101239094405,ridge_lag,87.18191534308441,0.020902952140360753,0.0004369334081822122
2027-03-01,2027-06-01,KPI_STP,87.06143640255279,ridge_lag,87.33464831487463,0.27321191232184106,0.07464474903455737
2027-03-01,2027-07-01,KPI_STP,86.58595538093918,ridge_lag,87.30868125754291,0.7227258766037323,0.5223326927126334
2027-03-01,2027-08-01,KPI_STP,85.90373414215188,ridge_lag,87.18894592600431,1.2852117838524322,1.6517693293531508
2027-03-01,2027-09-01,KPI_STP,85.20209642383253,ridge_lag,87.1897252771743,1.987628853341775,3.950668458636739
2027-04-01,2027-05-01,KPI_E2E,2.578475376201701,ridge_lag,2.5323716984999174,0.046103677701783585,0.002125549097629937
2027-04-01,2027-06-01,KPI_E2E,2.489511495502923,ridge_lag,2.4042887851889385,0.08522271031398443,0.007262910353261308
2027-04-01,2027-07-01,KPI_E2E,2.387024905957122,ridge_lag,2.350529120148576,0.03649578580854618,0.0013319423817832806
2027-04-01,2027-08-01,KPI_E2E,2.2931959603380547,ridge_lag,2.264759297447469,0.028436662890585662,0.0008086437963528117
2027-04-01,2027-09-01,KPI_E2E,2.224029961198335,ridge_lag,2.18183645143355,0.04219350976478475,0.0017802922662709863
2027-04-01,2027-10-01,KPI_E2E,2.198264026761935,ridge_lag,2.105949400976153,0.09231462578578187,0.008521990133968942
2027-04-01,2027-05-01,KPI_INC,28.885985458544592,ridge_lag,28.477366844973545,0.408618613571047,0.16696917135672465
2027-04-01,2027-06-01,KPI_INC,29.625009961598117,ridge_lag,29.101866342876534,0.5231436187215834,0.27367924580911346
2027-04-01,2027-07-01,KPI_INC,29.792521997990477,ridge_lag,29.247085567393217,0.5454364305972597,0.29750089982267924
2027-04-01,2027-08-01,KPI_INC,29.310003931424223,ridge_lag,28.35310222209069,0.9569017093335326,0.9156608813254364
2027-04-01,2027-09-01,KPI_INC,28.23106670813676,ridge_lag,27.348798455497928,0.8822682526388306,0.7783972696143754
2027-04-01,2027-10-01,KPI_INC,26.771208453511594,ridge_lag,25.81471156103389,0.9564968924777055,0.9148863053195073
2027-04-01,2027-05-01,KPI_STP,86.58051042871354,ridge_lag,87.18191534308441,0.6014049143708746,0.36168787102943906
2027-04-01,2027-06-01,KPI_STP,86.40783922775371,ridge_lag,87.33464831487463,0.9268090871209154,0.8589750839699045
2027-04-01,2027-07-01,KPI_STP,85.92931142078741,ridge_lag,87.30868125754291,1.379369836755501,1.9026611465508974
2027-04-01,2027-08-01,KPI_STP,85.27983231999714,ridge_lag,87.18894592600431,1.9091136060071676,3.644714760641691
2027-04-01,2027-09-01,KPI_STP,84.63367421850374,ridge_lag,87.1897252771743,2.556051058670562,6.5333970145309
2027-04-01,2027-10-01,KPI_STP,84.14489606327824,ridge_lag,86.90243886138161,2.7575427981033727,7.604042283371778
2027-05-01,2027-06-01,KPI_E2E,2.475247547374964,ridge_lag,2.4042887851889385,0.07095876218602548,0.00503514593097292
2027-05-01,2027-07-01,KPI_E2E,2.3714109348410894,ridge_lag,2.350529120148576,0.0208818146925136,0.00043605018485247686
2027-05-01,2027-08-01,KPI_E2E,2.275953998904523,ridge_lag,2.264759297447469,0.011194701457053924,0.00012532134071256525
2027-05-01,2027-09-01,KPI_E2E,2.2108050615236428,ridge_lag,2.18183645143355,0.02896861009009255,0.0008391803705518119
2027-05-01,2027-10-01,KPI_E2E,2.185549588603691,ridge_lag,2.105949400976153,0.07960018762753807,0.006336189870339264
2027-05-01,2027-11-01,KPI_E2E,2.2038000275080067,ridge_lag,2.0279820111974822,0.17581801631052452,0.030911974859367863
2027-05-01,2027-06-01,KPI_INC,29.04232086942999,ridge_lag,29.101866342876534,0.05954547344654415,0.0035456634079730947
2027-05-01,2027-07-01,KPI_INC,29.105698299408665,ridge_lag,29.247085567393217,0.1413872679845518,0.01999035954813547
2027-05-01,2027-08-01,KPI_INC,28.60615544898664,ridge_lag,28.35310222209069,0.25305322689595044,0.06403593564245338
2027-05-01,2027-09-01,KPI_INC,27.569385479271215,ridge_lag,27.348798455497928,0.22058702377328743,0.048658635057156875
2027-05-01,2027-10-01,KPI_INC,26.193099965191614,ridge_lag,25.81471156103389,0.37838840415772523,0.14317778440103002
2027-05-01,2027-11-01,KPI_INC,24.816055547994367,ridge_lag,23.933199773050536,0.882855774943831,0.7794343193516725
2027-05-01,2027-06-01,KPI_STP,87.1773869191954,ridge_lag,87.33464831487463,0.15726139567922814,0.024731146570978756
2027-05-01,2027-07-01,KPI_STP,86.79236611888929,ridge_lag,87.30868125754291,0.5163151386536242,0.2665813224029112
2027-05-01,2027-08-01,KPI_STP,86.15578964510169,ridge_lag,87.18894592600431,1.0331562809026167,1.0674119007685265
2027-05-01,2027-09-01,KPI_STP,85.48218412381834,ridge_lag,87.1897252771743,1.7075411533559617,2.915696790404208
2027-05-01,2027-10-01,KPI_STP,84.93781163374628,ridge_lag,86.90243886138161,1.964627227635333,3.859760143566094
2027-05-01,2027-11-01,KPI_STP,84.71027859069393,ridge_lag,86.9208669995157,2.2105884088217636,4.8867011132171365
2027-06-01,2027-07-01,KPI_E2E,2.3495732427494733,ridge_lag,2.350529120148576,0.0009558773991025227,9.137016021150034e-07
2027-06-01,2027-08-01,KPI_E2E,2.251518972088372,ridge_lag,2.264759297447469,0.013240325359097138,0.00017530621561475076
2027-06-01,2027-09-01,KPI_E2E,2.182771047561068,ridge_lag,2.18183645143355,0.0009345961275180059,8.734699215716528e-07
2027-06-01,2027-10-01,KPI_E2E,2.164270606293124,ridge_lag,2.105949400976153,0.058321205316970826,0.003401362989624266
2027-06-01,2027-11-01,KPI_E2E,2.1834683991774235,ridge_lag,2.0279820111974822,0.1554863879799413,0.024176016847048835
2027-06-01,2027-12-01,KPI_E2E,2.2688888950953174,ridge_lag,2.08613579654084,0.1827530985544774,0.03339869503126253
2027-06-01,2027-07-01,KPI_INC,29.183251287780344,ridge_lag,29.247085567393217,0.06383427961287325,0.0040748152536944846
2027-06-01,2027-08-01,KPI_INC,28.681675591178927,ridge_lag,28.35310222209069,0.328573369088236,0.10796045887399415
2027-06-01,2027-09-01,KPI_INC,27.63152515646844,ridge_lag,27.348798455497928,0.2827267009705139,0.07993438744167038
2027-06-01,2027-10-01,KPI_INC,26.23870046723479,ridge_lag,25.81471156103389,0.4239889062009006,0.17976659258143607
2027-06-01,2027-11-01,KPI_INC,24.848958725287346,ridge_lag,23.933199773050536,0.9157589522368106,0.8386144586018611
2027-06-01,2027-12-01,KPI_INC,23.81290977997426,ridge_lag,22.33887349972941,1.4740362802448495,2.1727829554780724
2027-06-01,2027-07-01,KPI_STP,86.99608694011991,ridge_lag,87.30868125754291,0.3125943174230059,0.09771520728515498
2027-06-01,2027-08-01,KPI_STP,86.38668711688052,ridge_lag,87.18894592600431,0.802258809123785,0.6436191968167136
2027-06-01,2027-09-01,KPI_STP,85.71872095240859,ridge_lag,87.1897252771743,1.4710043247657154,2.163853723479438
2027-06-01,2027-10-01,KPI_STP,85.16850728019455,ridge_lag,86.90243886138161,1.7339315811870648,3.0065187282378747
2027-06-01,2027-11-01,KPI_STP,84.92681987035351,ridge_lag,86.9208669995157,1.9940471291621833,3.976223953319945
2027-06-01,2027-12-01,KPI_STP,85.05677919268044,ridge_lag,87.28567666269099,2.2288974700105513,4.967983931819436
